Team ID,Team Name,League ID,Season,Matchday,Date,Opponent,Score,Result,Draw?,Fixture Status,Goals For,Goals Against,Goal Difference,Cumulative GD,Draw Streak,Non-Draw Streak,Total Points,Draw Count,Draw % This Season,Home/Away
0,Valencia,140,2023,1,2023-08-11T20:00:00+00:00,Valencia,1:2,Win,False,סיום,2,1,1,2-1,0,1,3,0,0.0,Away
0,Valencia,140,2023,2,2023-08-18T19:30:00+00:00,Las Palmas,1:0,Win,False,סיום,1,0,1,3-1,0,2,6,0,0.0,Home
0,Valencia,140,2023,3,2023-08-27T17:30:00+00:00,Osasuna,1:2,Loss,False,סיום,1,2,-1,4-3,0,3,6,0,0.0,Home
0,Valencia,140,2023,4,2023-09-02T16:30:00+00:00,Valencia,1:0,Loss,False,סיום,0,1,-1,4-4,0,4,6,0,0.0,Away
0,Valencia,140,2023,5,2023-09-16T14:15:00+00:00,Atletico Madrid,3:0,Win,False,סיום,3,0,3,7-4,0,5,9,0,0.0,Home
0,Valencia,140,2023,6,2023-09-23T19:00:00+00:00,Valencia,2:2,Draw,True,סיום,2,2,0,9-6,1,0,10,1,1.9,Away
0,Valencia,140,2023,7,2023-09-27T19:30:00+00:00,Real Sociedad,0:1,Loss,False,סיום,0,1,-1,9-7,0,1,10,1,1.5,Home
0,Valencia,140,2023,8,2023-10-01T19:00:00+00:00,Valencia,3:0,Loss,False,סיום,0,3,-3,9-10,0,2,10,1,1.3,Away
0,Valencia,140,2023,9,2023-10-07T16:30:00+00:00,Valencia,1:1,Draw,True,סיום,1,1,0,10-11,1,0,11,2,2.4,Away
0,Valencia,140,2023,10,2023-10-23T19:00:00+00:00,Cadiz,2:0,Win,False,סיום,2,0,2,12-11,0,1,14,2,2.0,Home
0,Valencia,140,2023,11,2023-10-29T17:30:00+00:00,Valencia,2:2,Draw,True,סיום,2,2,0,14-13,1,0,15,3,2.8,Away
0,Valencia,140,2023,12,2023-11-05T15:15:00+00:00,Granada CF,1:0,Win,False,סיום,1,0,1,15-13,0,1,18,3,2.6,Home
0,Valencia,140,2023,13,2023-11-11T20:00:00+00:00,Valencia,5:1,Loss,False,סיום,1,5,-4,16-18,0,2,18,3,2.4,Away
0,Valencia,140,2023,14,2023-11-25T15:15:00+00:00,Celta Vigo,0:0,Draw,True,סיום,0,0,0,16-18,1,0,19,4,3.1,Home
0,Valencia,140,2023,15,2023-12-02T13:00:00+00:00,Valencia,2:1,Loss,False,סיום,1,2,-1,17-20,0,1,19,4,2.8,Away
0,Valencia,140,2023,16,2023-12-08T20:00:00+00:00,Valencia,1:0,Loss,False,סיום,0,1,-1,17-21,0,2,19,4,2.7,Away
0,Valencia,140,2023,17,2023-12-16T20:00:00+00:00,Barcelona,1:1,Draw,True,סיום,1,1,0,18-22,1,0,20,5,3.0,Home
0,Valencia,140,2023,18,2023-12-19T18:00:00+00:00,Valencia,0:1,Win,False,סיום,1,0,1,19-22,0,1,23,5,2.9,Away
0,Valencia,140,2024,19,2024-01-02T20:30:00+00:00,Villarreal,3:1,Win,False,סיום,3,1,2,22-23,0,2,26,5,2.7,Home
0,Valencia,140,2024,20,2024-01-14T15:15:00+00:00,Valencia,1:4,Win,False,סיום,4,1,3,26-24,0,3,29,5,2.5,Away
0,Valencia,140,2024,21,2024-01-20T17:30:00+00:00,Athletic Club,1:0,Win,False,סיום,1,0,1,27-24,0,4,32,5,2.5,Home
0,Valencia,140,2024,22,2024-01-28T20:00:00+00:00,Valencia,2:0,Loss,False,סיום,0,2,-2,27-26,0,5,32,5,2.3,Away
0,Valencia,140,2024,23,2024-02-03T13:00:00+00:00,Almeria,2:1,Win,False,סיום,2,1,1,29-27,0,6,35,5,2.3,Home
0,Valencia,140,2024,24,2024-02-10T20:00:00+00:00,Valencia,2:0,Loss,False,סיום,0,2,-2,29-29,0,7,35,5,2.1,Away
0,Valencia,140,2024,25,2024-02-17T20:00:00+00:00,Sevilla,0:0,Draw,True,סיום,0,0,0,29-29,1,0,36,6,2.4,Home
0,Valencia,140,2024,26,2024-04-04T18:00:00+00:00,Valencia,0:1,Win,False,סיום,1,0,1,30-29,0,1,39,6,2.0,Away
0,Valencia,140,2024,27,2024-03-02T20:00:00+00:00,Real Madrid,2:2,Draw,True,סיום,2,2,0,32-31,1,0,40,7,2.7,Home
0,Valencia,140,2024,28,2024-03-09T13:00:00+00:00,Getafe,1:0,Win,False,סיום,1,0,1,33-31,0,1,43,7,2.6,Home
0,Valencia,140,2024,29,2024-03-17T15:15:00+00:00,Valencia,1:0,Loss,False,סיום,0,1,-1,33-32,0,2,43,7,2.4,Away
0,Valencia,140,2024,30,2024-03-30T17:30:00+00:00,Mallorca,0:0,Draw,True,סיום,0,0,0,33-32,1,0,44,8,2.7,Home
0,Valencia,140,2024,31,2024-04-15T19:00:00+00:00,Valencia,0:1,Win,False,סיום,1,0,1,34-32,0,1,47,8,2.6,Away
0,Valencia,140,2024,32,2024-04-20T16:30:00+00:00,Real Betis,1:2,Loss,False,סיום,1,2,-1,35-34,0,2,47,8,2.5,Home
0,Valencia,140,2024,33,2024-04-29T19:00:00+00:00,Valencia,4:2,Loss,False,סיום,2,4,-2,37-38,0,3,47,8,2.4,Away
0,Valencia,140,2024,34,2024-05-05T16:30:00+00:00,Alaves,0:1,Loss,False,סיום,0,1,-1,37-39,0,4,47,8,2.4,Home
0,Valencia,140,2024,35,2024-05-12T16:30:00+00:00,Rayo Vallecano,0:0,Draw,True,סיום,0,0,0,37-39,1,0,48,9,2.6,Home
0,Valencia,140,2024,36,2024-05-16T20:00:00+00:00,Valencia,1:0,Loss,False,סיום,0,1,-1,37-40,0,1,48,9,2.5,Away
0,Valencia,140,2024,37,2024-05-19T17:00:00+00:00,Girona,1:3,Loss,False,סיום,1,3,-2,38-43,0,2,48,9,2.5,Home
0,Valencia,140,2024,38,2024-05-26T14:15:00+00:00,Valencia,2:2,Draw,True,סיום,2,2,0,40-45,1,0,49,10,2.6,Away
0,Real Betis,140,2023,1,2023-08-13T17:30:00+00:00,Real Betis,1:2,Win,False,סיום,2,1,1,2-1,0,1,3,0,0.0,Away
0,Real Betis,140,2023,2,2023-08-20T19:30:00+00:00,Atletico Madrid,0:0,Draw,True,סיום,0,0,0,2-1,1,0,4,1,5.6,Home
0,Real Betis,140,2023,3,2023-08-27T19:30:00+00:00,Real Betis,4:2,Loss,False,סיום,2,4,-2,4-5,0,1,4,1,3.6,Away
0,Real Betis,140,2023,4,2023-09-02T19:00:00+00:00,Rayo Vallecano,1:0,Win,False,סיום,1,0,1,5-5,0,2,7,1,2.8,Home
0,Real Betis,140,2023,5,2023-09-16T19:00:00+00:00,Real Betis,5:0,Loss,False,סיום,0,5,-5,5-10,0,3,7,1,2.3,Away
0,Real Betis,140,2023,6,2023-09-24T16:30:00+00:00,Cadiz,1:1,Draw,True,סיום,1,1,0,6-11,1,0,8,2,3.4,Home
0,Real Betis,140,2023,7,2023-09-28T17:00:00+00:00,Real Betis,1:1,Draw,True,סיום,1,1,0,7-12,2,0,9,3,4.4,Away
0,Real Betis,140,2023,8,2023-10-01T19:00:00+00:00,Valencia,3:0,Win,False,סיום,3,0,3,10-12,0,1,12,3,3.8,Home
0,Real Betis,140,2023,9,2023-10-08T16:30:00+00:00,Real Betis,1:1,Draw,True,סיום,1,1,0,11-13,1,0,13,4,4.5,Away
0,Real Betis,140,2023,10,2023-10-21T14:15:00+00:00,Real Betis,1:1,Draw,True,סיום,1,1,0,12-14,2,0,14,5,5.4,Away
0,Real Betis,140,2023,11,2023-10-29T13:00:00+00:00,Osasuna,2:1,Win,False,סיום,2,1,1,14-15,0,1,17,5,4.8,Home
0,Real Betis,140,2023,12,2023-11-04T15:15:00+00:00,Mallorca,2:0,Win,False,סיום,2,0,2,16-15,0,2,20,5,4.5,Home
0,Real Betis,140,2023,13,2023-11-12T17:30:00+00:00,Real Betis,1:1,Draw,True,סיום,1,1,0,17-16,1,0,21,6,4.7,Away
0,Real Betis,140,2023,14,2023-11-26T20:00:00+00:00,Las Palmas,1:0,Win,False,סיום,1,0,1,18-16,0,1,24,6,4.4,Home
0,Real Betis,140,2023,15,2023-12-03T15:15:00+00:00,Real Betis,0:0,Draw,True,סיום,0,0,0,18-16,1,0,25,7,4.8,Away
0,Real Betis,140,2023,16,2023-12-09T15:15:00+00:00,Real Madrid,1:1,Draw,True,סיום,1,1,0,19-17,2,0,26,8,5.3,Home
0,Real Betis,140,2023,17,2023-12-17T15:15:00+00:00,Real Betis,0:0,Draw,True,סיום,0,0,0,19-17,3,0,27,9,5.4,Away
0,Real Betis,140,2023,18,2023-12-21T18:00:00+00:00,Girona,1:1,Draw,True,סיום,1,1,0,20-18,4,0,28,10,5.7,Home
0,Real Betis,140,2024,19,2024-01-03T18:15:00+00:00,Real Betis,2:1,Loss,False,סיום,1,2,-1,21-20,0,1,28,10,5.4,Away
0,Real Betis,140,2024,20,2024-01-13T20:00:00+00:00,Granada CF,1:0,Win,False,סיום,1,0,1,22-20,0,2,31,10,5.1,Home
0,Real Betis,140,2024,21,2024-01-21T17:30:00+00:00,Barcelona,2:4,Loss,False,סיום,2,4,-2,24-24,0,3,31,10,4.9,Home
0,Real Betis,140,2024,22,2024-01-27T20:00:00+00:00,Real Betis,0:1,Win,False,סיום,1,0,1,25-24,0,4,34,10,4.7,Away
0,Real Betis,140,2024,23,2024-02-04T17:30:00+00:00,Getafe,1:1,Draw,True,סיום,1,1,0,26-25,1,0,35,11,4.8,Home
0,Real Betis,140,2024,24,2024-02-09T20:00:00+00:00,Real Betis,0:2,Win,False,סיום,2,0,2,28-25,0,1,38,11,4.8,Away
0,Real Betis,140,2024,25,2024-02-18T20:00:00+00:00,Alaves,0:0,Draw,True,סיום,0,0,0,28-25,1,0,39,12,4.8,Home
0,Real Betis,140,2024,26,2024-02-25T15:15:00+00:00,Athletic Club,3:1,Win,False,סיום,3,1,2,31-26,0,1,42,12,4.7,Home
0,Real Betis,140,2024,27,2024-03-03T15:15:00+00:00,Real Betis,2:1,Loss,False,סיום,1,2,-1,32-28,0,2,42,12,4.5,Away
0,Real Betis,140,2024,28,2024-03-10T20:00:00+00:00,Villarreal,2:3,Loss,False,סיום,2,3,-1,34-31,0,3,42,12,4.3,Home
0,Real Betis,140,2024,29,2024-03-17T17:30:00+00:00,Real Betis,2:0,Loss,False,סיום,0,2,-2,34-33,0,4,42,12,4.2,Away
0,Real Betis,140,2024,30,2024-03-31T14:15:00+00:00,Real Betis,3:2,Loss,False,סיום,2,3,-1,36-36,0,5,42,12,4.1,Away
0,Real Betis,140,2024,31,2024-04-12T19:00:00+00:00,Celta Vigo,2:1,Win,False,סיום,2,1,1,38-37,0,6,45,12,4.0,Home
0,Real Betis,140,2024,32,2024-04-20T16:30:00+00:00,Real Betis,1:2,Win,False,סיום,2,1,1,40-38,0,7,48,12,3.8,Away
0,Real Betis,140,2024,33,2024-04-28T19:00:00+00:00,Sevilla,1:1,Draw,True,סיום,1,1,0,41-39,1,0,49,13,4.0,Home
0,Real Betis,140,2024,34,2024-05-05T12:00:00+00:00,Real Betis,0:2,Win,False,סיום,2,0,2,43-39,0,1,52,13,3.9,Away
0,Real Betis,140,2024,35,2024-05-12T19:00:00+00:00,Almeria,3:2,Win,False,סיום,3,2,1,46-41,0,2,55,13,3.7,Home
0,Real Betis,140,2024,36,2024-05-16T17:30:00+00:00,Real Betis,2:2,Draw,True,סיום,2,2,0,48-43,1,0,56,14,3.9,Away
0,Real Betis,140,2024,37,2024-05-19T17:00:00+00:00,Real Sociedad,0:2,Loss,False,סיום,0,2,-2,48-45,0,1,56,14,3.8,Home
0,Real Betis,140,2024,38,2024-05-25T19:00:00+00:00,Real Betis,0:0,Draw,True,סיום,0,0,0,48-45,1,0,57,15,4.0,Away
0,Granada CF,140,2023,1,2023-08-14T19:30:00+00:00,Granada CF,3:1,Loss,False,סיום,1,3,-2,1-3,0,1,0,0,0.0,Away
0,Granada CF,140,2023,2,2023-08-21T19:30:00+00:00,Rayo Vallecano,0:2,Loss,False,סיום,0,2,-2,1-5,0,2,0,0,0.0,Home
0,Granada CF,140,2023,3,2023-08-26T17:30:00+00:00,Mallorca,3:2,Win,False,סיום,3,2,1,4-7,0,3,3,0,0.0,Home
0,Granada CF,140,2023,4,2023-09-02T12:00:00+00:00,Granada CF,5:3,Loss,False,סיום,3,5,-2,7-12,0,4,3,0,0.0,Away
0,Granada CF,140,2023,5,2023-09-18T19:00:00+00:00,Girona,2:4,Loss,False,סיום,2,4,-2,9-16,0,5,3,0,0.0,Home
0,Granada CF,140,2023,6,2023-09-24T16:30:00+00:00,Granada CF,1:0,Loss,False,סיום,0,1,-1,9-17,0,6,3,0,0.0,Away
0,Granada CF,140,2023,7,2023-09-28T17:00:00+00:00,Real Betis,1:1,Draw,True,סיום,1,1,0,10-18,1,0,4,1,1.5,Home
0,Granada CF,140,2023,8,2023-10-01T12:00:00+00:00,Granada CF,3:3,Draw,True,סיום,3,3,0,13-21,2,0,5,2,2.7,Away
0,Granada CF,140,2023,9,2023-10-08T19:00:00+00:00,Barcelona,2:2,Draw,True,סיום,2,2,0,15-23,3,0,6,3,3.4,Home
0,Granada CF,140,2023,10,2023-10-20T19:00:00+00:00,Granada CF,2:0,Loss,False,סיום,0,2,-2,15-25,0,1,6,3,3.3,Away
0,Granada CF,140,2023,11,2023-10-30T20:00:00+00:00,Villarreal,2:3,Loss,False,סיום,2,3,-1,17-28,0,2,6,3,2.8,Home
0,Granada CF,140,2023,12,2023-11-05T15:15:00+00:00,Granada CF,1:0,Loss,False,סיום,0,1,-1,17-29,0,3,6,3,2.6,Away
0,Granada CF,140,2023,13,2023-11-11T17:30:00+00:00,Getafe,1:1,Draw,True,סיום,1,1,0,18-30,1,0,7,4,3.3,Home
0,Granada CF,140,2023,14,2023-11-24T20:00:00+00:00,Granada CF,3:1,Loss,False,סיום,1,3,-2,19-33,0,1,7,4,3.1,Away
0,Granada CF,140,2023,15,2023-12-02T17:30:00+00:00,Granada CF,2:0,Loss,False,סיום,0,2,-2,19-35,0,2,7,4,2.8,Away
0,Granada CF,140,2023,16,2023-12-11T15:15:00+00:00,Athletic Club,1:1,Draw,True,סיום,1,1,0,20-36,1,0,8,5,3.2,Home
0,Granada CF,140,2023,17,2023-12-16T13:00:00+00:00,Granada CF,1:0,Loss,False,סיום,0,1,-1,20-37,0,1,8,5,3.1,Away
0,Granada CF,140,2023,18,2023-12-19T20:30:00+00:00,Sevilla,0:3,Loss,False,סיום,0,3,-3,20-40,0,2,8,5,2.9,Home
0,Granada CF,140,2024,19,2024-01-03T16:00:00+00:00,Cadiz,2:0,Win,False,סיום,2,0,2,22-40,0,3,11,5,2.7,Home
0,Granada CF,140,2024,20,2024-01-13T20:00:00+00:00,Granada CF,1:0,Loss,False,סיום,0,1,-1,22-41,0,4,11,5,2.6,Away
0,Granada CF,140,2024,21,2024-01-22T20:00:00+00:00,Atletico Madrid,0:1,Loss,False,סיום,0,1,-1,22-42,0,5,11,5,2.4,Home
0,Granada CF,140,2024,22,2024-01-29T20:00:00+00:00,Granada CF,2:0,Loss,False,סיום,0,2,-2,22-44,0,6,11,5,2.3,Away
0,Granada CF,140,2024,23,2024-02-03T15:15:00+00:00,Las Palmas,1:1,Draw,True,סיום,1,1,0,23-45,1,0,12,6,2.7,Home
0,Granada CF,140,2024,24,2024-02-11T20:00:00+00:00,Granada CF,3:3,Draw,True,סיום,3,3,0,26-48,2,0,13,7,2.9,Away
0,Granada CF,140,2024,25,2024-02-18T15:15:00+00:00,Almeria,1:1,Draw,True,סיום,1,1,0,27-49,3,0,14,8,3.2,Home
0,Granada CF,140,2024,26,2024-04-04T18:00:00+00:00,Valencia,0:1,Loss,False,סיום,0,1,-1,27-50,0,1,14,8,2.7,Home
0,Granada CF,140,2024,27,2024-03-03T13:00:00+00:00,Granada CF,5:1,Loss,False,סיום,1,5,-4,28-55,0,2,14,8,3.0,Away
0,Granada CF,140,2024,28,2024-03-09T17:30:00+00:00,Real Sociedad,2:3,Loss,False,סיום,2,3,-1,30-58,0,3,14,8,2.9,Home
0,Granada CF,140,2024,29,2024-03-16T13:00:00+00:00,Granada CF,1:0,Loss,False,סיום,0,1,-1,30-59,0,4,14,8,2.8,Away
0,Granada CF,140,2024,30,2024-03-29T20:00:00+00:00,Granada CF,1:0,Loss,False,סיום,0,1,-1,30-60,0,5,14,8,2.8,Away
0,Granada CF,140,2024,31,2024-04-14T14:15:00+00:00,Alaves,2:0,Win,False,סיום,2,0,2,32-60,0,6,17,8,2.6,Home
0,Granada CF,140,2024,32,2024-04-19T19:00:00+00:00,Granada CF,1:1,Draw,True,סיום,1,1,0,33-61,1,0,18,9,2.9,Away
0,Granada CF,140,2024,33,2024-04-28T14:15:00+00:00,Osasuna,3:0,Win,False,סיום,3,0,3,36-61,0,1,21,9,2.8,Home
0,Granada CF,140,2024,34,2024-05-05T19:00:00+00:00,Granada CF,3:0,Loss,False,סיום,0,3,-3,36-64,0,2,21,9,2.7,Away
0,Granada CF,140,2024,35,2024-05-11T16:30:00+00:00,Real Madrid,0:4,Loss,False,סיום,0,4,-4,36-68,0,3,21,9,2.6,Home
0,Granada CF,140,2024,36,2024-05-15T17:30:00+00:00,Granada CF,2:1,Loss,False,סיום,1,2,-1,37-70,0,4,21,9,2.5,Away
0,Granada CF,140,2024,37,2024-05-19T17:00:00+00:00,Celta Vigo,1:2,Loss,False,סיום,1,2,-1,38-72,0,5,21,9,2.4,Home
0,Granada CF,140,2024,38,2024-05-24T19:00:00+00:00,Granada CF,7:0,Loss,False,סיום,0,7,-7,38-79,0,6,21,9,2.4,Away
0,Cadiz,140,2023,1,2023-08-14T17:30:00+00:00,Alaves,1:0,Win,False,סיום,1,0,1,1-0,0,1,3,0,0.0,Home
0,Cadiz,140,2023,2,2023-08-20T17:30:00+00:00,Cadiz,2:0,Loss,False,סיום,0,2,-2,1-2,0,2,3,0,0.0,Away
0,Cadiz,140,2023,3,2023-08-26T17:00:00+00:00,Almeria,1:1,Draw,True,סיום,1,1,0,2-3,1,0,4,1,4.3,Home
0,Cadiz,140,2023,4,2023-09-01T17:30:00+00:00,Villarreal,3:1,Win,False,סיום,3,1,2,5-4,0,1,7,1,3.2,Home
0,Cadiz,140,2023,5,2023-09-16T12:00:00+00:00,Cadiz,3:0,Loss,False,סיום,0,3,-3,5-7,0,2,7,1,2.4,Away
0,Cadiz,140,2023,6,2023-09-24T16:30:00+00:00,Cadiz,1:1,Draw,True,סיום,1,1,0,6-8,1,0,8,2,3.4,Away
0,Cadiz,140,2023,7,2023-09-27T19:30:00+00:00,Rayo Vallecano,0:0,Draw,True,סיום,0,0,0,6-8,2,0,9,3,4.5,Home
0,Cadiz,140,2023,8,2023-10-01T19:00:00+00:00,Cadiz,3:2,Loss,False,סיום,2,3,-1,8-11,0,1,9,3,3.9,Away
0,Cadiz,140,2023,9,2023-10-07T12:00:00+00:00,Girona,0:1,Loss,False,סיום,0,1,-1,8-12,0,2,9,3,3.7,Home
0,Cadiz,140,2023,10,2023-10-23T19:00:00+00:00,Cadiz,2:0,Loss,False,סיום,0,2,-2,8-14,0,3,9,3,3.0,Away
0,Cadiz,140,2023,11,2023-10-28T19:00:00+00:00,Sevilla,2:2,Draw,True,סיום,2,2,0,10-16,1,0,10,4,3.8,Home
0,Cadiz,140,2023,12,2023-11-06T20:00:00+00:00,Cadiz,1:0,Loss,False,סיום,0,1,-1,10-17,0,1,10,4,3.4,Away
0,Cadiz,140,2023,13,2023-11-29T20:00:00+00:00,Cadiz,1:1,Draw,True,סיום,1,1,0,11-18,1,0,11,5,3.6,Away
0,Cadiz,140,2023,14,2023-11-26T17:30:00+00:00,Real Madrid,0:3,Loss,False,סיום,0,3,-3,11-21,0,1,11,5,3.7,Home
0,Cadiz,140,2023,15,2023-12-04T20:00:00+00:00,Cadiz,1:1,Draw,True,סיום,1,1,0,12-22,1,0,12,6,4.0,Away
0,Cadiz,140,2023,16,2023-12-10T17:30:00+00:00,Osasuna,1:1,Draw,True,סיום,1,1,0,13-23,2,0,13,7,4.5,Home
0,Cadiz,140,2023,17,2023-12-17T17:30:00+00:00,Cadiz,1:1,Draw,True,סיום,1,1,0,14-24,3,0,14,8,4.8,Away
0,Cadiz,140,2023,18,2023-12-21T18:00:00+00:00,Real Sociedad,0:0,Draw,True,סיום,0,0,0,14-24,4,0,15,9,5.1,Home
0,Cadiz,140,2024,19,2024-01-03T16:00:00+00:00,Cadiz,2:0,Loss,False,סיום,0,2,-2,14-26,0,1,15,9,4.9,Away
0,Cadiz,140,2024,20,2024-01-14T15:15:00+00:00,Valencia,1:4,Loss,False,סיום,1,4,-3,15-30,0,2,15,9,4.6,Home
0,Cadiz,140,2024,21,2024-01-19T20:00:00+00:00,Cadiz,1:0,Loss,False,סיום,0,1,-1,15-31,0,3,15,9,4.5,Away
0,Cadiz,140,2024,22,2024-01-28T15:15:00+00:00,Athletic Club,0:0,Draw,True,סיום,0,0,0,15-31,1,0,16,10,4.7,Home
0,Cadiz,140,2024,23,2024-02-04T13:00:00+00:00,Cadiz,0:0,Draw,True,סיום,0,0,0,15-31,2,0,17,11,4.9,Away
0,Cadiz,140,2024,24,2024-02-09T20:00:00+00:00,Real Betis,0:2,Loss,False,סיום,0,2,-2,15-33,0,1,17,11,4.8,Home
0,Cadiz,140,2024,25,2024-02-17T15:15:00+00:00,Cadiz,2:0,Loss,False,סיום,0,2,-2,15-35,0,2,17,11,4.5,Away
0,Cadiz,140,2024,26,2024-02-25T13:00:00+00:00,Celta Vigo,2:2,Draw,True,סיום,2,2,0,17-37,1,0,18,12,4.7,Home
0,Cadiz,140,2024,27,2024-03-02T15:15:00+00:00,Cadiz,1:1,Draw,True,סיום,1,1,0,18-38,2,0,19,13,5.0,Away
0,Cadiz,140,2024,28,2024-03-09T15:15:00+00:00,Atletico Madrid,2:0,Win,False,סיום,2,0,2,20-38,0,1,22,13,4.8,Home
0,Cadiz,140,2024,29,2024-03-15T20:00:00+00:00,Cadiz,2:0,Loss,False,סיום,0,2,-2,20-40,0,2,22,13,4.6,Away
0,Cadiz,140,2024,30,2024-03-29T20:00:00+00:00,Granada CF,1:0,Win,False,סיום,1,0,1,21-40,0,3,25,13,4.5,Home
0,Cadiz,140,2024,31,2024-04-13T19:00:00+00:00,Barcelona,0:1,Loss,False,סיום,0,1,-1,21-41,0,4,25,13,4.3,Home
0,Cadiz,140,2024,32,2024-04-20T19:00:00+00:00,Cadiz,4:1,Loss,False,סיום,1,4,-3,22-45,0,5,25,13,4.1,Away
0,Cadiz,140,2024,33,2024-04-28T12:00:00+00:00,Mallorca,1:1,Draw,True,סיום,1,1,0,23-46,1,0,26,14,4.3,Home
0,Cadiz,140,2024,34,2024-05-04T14:15:00+00:00,Cadiz,3:0,Loss,False,סיום,0,3,-3,23-49,0,1,26,14,4.2,Away
0,Cadiz,140,2024,35,2024-05-12T12:00:00+00:00,Getafe,1:0,Win,False,סיום,1,0,1,24-49,0,2,29,14,4.0,Home
0,Cadiz,140,2024,36,2024-05-15T17:30:00+00:00,Cadiz,0:1,Win,False,סיום,1,0,1,25-49,0,3,32,14,4.0,Away
0,Cadiz,140,2024,37,2024-05-19T17:00:00+00:00,Las Palmas,0:0,Draw,True,סיום,0,0,0,25-49,1,0,33,15,4.1,Home
0,Cadiz,140,2024,38,2024-05-25T16:30:00+00:00,Cadiz,6:1,Loss,False,סיום,1,6,-5,26-55,0,1,33,15,4.0,Away
0,Rayo Vallecano,140,2023,1,2023-08-11T17:30:00+00:00,Rayo Vallecano,0:2,Win,False,סיום,2,0,2,2-0,0,1,3,0,0.0,Away
0,Rayo Vallecano,140,2023,2,2023-08-21T19:30:00+00:00,Rayo Vallecano,0:2,Win,False,סיום,2,0,2,4-0,0,2,6,0,0.0,Away
0,Rayo Vallecano,140,2023,3,2023-08-28T19:30:00+00:00,Atletico Madrid,0:7,Loss,False,סיום,0,7,-7,4-7,0,3,6,0,0.0,Home
0,Rayo Vallecano,140,2023,4,2023-09-02T19:00:00+00:00,Rayo Vallecano,1:0,Loss,False,סיום,0,1,-1,4-8,0,4,6,0,0.0,Away
0,Rayo Vallecano,140,2023,5,2023-09-15T19:00:00+00:00,Alaves,2:0,Win,False,סיום,2,0,2,6-8,0,5,9,0,0.0,Home
0,Rayo Vallecano,140,2023,6,2023-09-24T14:15:00+00:00,Villarreal,1:1,Draw,True,סיום,1,1,0,7-9,1,0,10,1,1.8,Home
0,Rayo Vallecano,140,2023,7,2023-09-27T19:30:00+00:00,Rayo Vallecano,0:0,Draw,True,סיום,0,0,0,7-9,2,0,11,2,3.0,Away
0,Rayo Vallecano,140,2023,8,2023-09-30T14:15:00+00:00,Mallorca,2:2,Draw,True,סיום,2,2,0,9-11,3,0,12,3,4.2,Home
0,Rayo Vallecano,140,2023,9,2023-10-07T19:00:00+00:00,Rayo Vallecano,2:2,Draw,True,סיום,2,2,0,11-13,4,0,13,4,4.8,Away
0,Rayo Vallecano,140,2023,10,2023-10-22T12:00:00+00:00,Rayo Vallecano,0:1,Win,False,סיום,1,0,1,12-13,0,1,16,4,4.2,Away
0,Rayo Vallecano,140,2023,11,2023-10-29T15:15:00+00:00,Real Sociedad,2:2,Draw,True,סיום,2,2,0,14-15,1,0,17,5,4.7,Home
0,Rayo Vallecano,140,2023,12,2023-11-05T20:00:00+00:00,Rayo Vallecano,0:0,Draw,True,סיום,0,0,0,14-15,2,0,18,6,5.1,Away
0,Rayo Vallecano,140,2023,13,2023-11-11T13:00:00+00:00,Girona,1:2,Loss,False,סיום,1,2,-1,15-17,0,1,18,6,5.0,Home
0,Rayo Vallecano,140,2023,14,2023-11-25T13:00:00+00:00,Barcelona,1:1,Draw,True,סיום,1,1,0,16-18,1,0,19,7,5.4,Home
0,Rayo Vallecano,140,2023,15,2023-12-02T15:15:00+00:00,Rayo Vallecano,4:0,Loss,False,סיום,0,4,-4,16-22,0,1,19,7,4.9,Away
0,Rayo Vallecano,140,2023,16,2023-12-11T20:00:00+00:00,Celta Vigo,0:0,Draw,True,סיום,0,0,0,16-22,1,0,20,8,5.0,Home
0,Rayo Vallecano,140,2023,17,2023-12-15T20:00:00+00:00,Rayo Vallecano,1:0,Loss,False,סיום,0,1,-1,16-23,0,1,20,8,5.0,Away
0,Rayo Vallecano,140,2023,18,2023-12-19T18:00:00+00:00,Valencia,0:1,Loss,False,סיום,0,1,-1,16-24,0,2,20,8,4.7,Home
0,Rayo Vallecano,140,2024,19,2024-01-02T16:00:00+00:00,Rayo Vallecano,0:2,Win,False,סיום,2,0,2,18-24,0,3,23,8,4.4,Away
0,Rayo Vallecano,140,2024,20,2024-01-31T20:00:00+00:00,Rayo Vallecano,2:1,Loss,False,סיום,1,2,-1,19-26,0,4,23,8,3.7,Away
0,Rayo Vallecano,140,2024,21,2024-01-20T13:00:00+00:00,Las Palmas,0:2,Loss,False,סיום,0,2,-2,19-28,0,5,23,8,4.0,Home
0,Rayo Vallecano,140,2024,22,2024-01-27T13:00:00+00:00,Rayo Vallecano,0:0,Draw,True,סיום,0,0,0,19-28,1,0,24,9,4.3,Away
0,Rayo Vallecano,140,2024,23,2024-02-05T20:00:00+00:00,Sevilla,1:2,Loss,False,סיום,1,2,-1,20-30,0,1,24,9,3.9,Home
0,Rayo Vallecano,140,2024,24,2024-02-11T15:15:00+00:00,Rayo Vallecano,2:1,Loss,False,סיום,1,2,-1,21-32,0,2,24,9,3.8,Away
0,Rayo Vallecano,140,2024,25,2024-02-18T13:00:00+00:00,Real Madrid,1:1,Draw,True,סיום,1,1,0,22-33,1,0,25,10,4.1,Home
0,Rayo Vallecano,140,2024,26,2024-02-26T20:00:00+00:00,Rayo Vallecano,3:0,Loss,False,סיום,0,3,-3,22-36,0,1,25,10,3.9,Away
0,Rayo Vallecano,140,2024,27,2024-03-02T15:15:00+00:00,Cadiz,1:1,Draw,True,סיום,1,1,0,23-37,1,0,26,11,4.2,Home
0,Rayo Vallecano,140,2024,28,2024-03-10T13:00:00+00:00,Rayo Vallecano,1:0,Loss,False,סיום,0,1,-1,23-38,0,1,26,11,4.0,Away
0,Rayo Vallecano,140,2024,29,2024-03-17T17:30:00+00:00,Real Betis,2:0,Win,False,סיום,2,0,2,25-38,0,2,29,11,3.8,Home
0,Rayo Vallecano,140,2024,30,2024-03-31T12:00:00+00:00,Rayo Vallecano,0:0,Draw,True,סיום,0,0,0,25-38,1,0,30,12,4.1,Away
0,Rayo Vallecano,140,2024,31,2024-04-13T14:15:00+00:00,Getafe,0:0,Draw,True,סיום,0,0,0,25-38,2,0,31,13,4.3,Home
0,Rayo Vallecano,140,2024,32,2024-04-20T14:15:00+00:00,Osasuna,2:1,Win,False,סיום,2,1,1,27-39,0,1,34,13,4.2,Home
0,Rayo Vallecano,140,2024,33,2024-04-28T16:30:00+00:00,Rayo Vallecano,3:0,Loss,False,סיום,0,3,-3,27-42,0,2,34,13,4.0,Away
0,Rayo Vallecano,140,2024,34,2024-05-05T19:00:00+00:00,Almeria,0:1,Loss,False,סיום,0,1,-1,27-43,0,3,34,13,3.8,Home
0,Rayo Vallecano,140,2024,35,2024-05-12T16:30:00+00:00,Rayo Vallecano,0:0,Draw,True,סיום,0,0,0,27-43,1,0,35,14,4.0,Away
0,Rayo Vallecano,140,2024,36,2024-05-15T17:30:00+00:00,Granada CF,2:1,Win,False,סיום,2,1,1,29-44,0,1,38,14,3.9,Home
0,Rayo Vallecano,140,2024,37,2024-05-19T17:00:00+00:00,Rayo Vallecano,3:0,Loss,False,סיום,0,3,-3,29-47,0,2,38,14,3.9,Away
0,Rayo Vallecano,140,2024,38,2024-05-25T16:30:00+00:00,Athletic Club,0:1,Loss,False,סיום,0,1,-1,29-48,0,3,38,14,3.7,Home
0,Getafe,140,2023,1,2023-08-13T19:30:00+00:00,Barcelona,0:0,Draw,True,סיום,0,0,0,0-0,1,0,1,1,12.5,Home
0,Getafe,140,2023,2,2023-08-20T17:00:00+00:00,Getafe,3:0,Loss,False,סיום,0,3,-3,0-3,0,1,1,1,6.2,Away
0,Getafe,140,2023,3,2023-08-28T17:30:00+00:00,Alaves,1:0,Win,False,סיום,1,0,1,1-3,0,2,4,1,3.4,Home
0,Getafe,140,2023,4,2023-09-02T14:15:00+00:00,Getafe,2:1,Loss,False,סיום,1,2,-1,2-5,0,3,4,1,2.9,Away
0,Getafe,140,2023,5,2023-09-17T12:00:00+00:00,Osasuna,3:2,Win,False,סיום,3,2,1,5-7,0,4,7,1,2.2,Home
0,Getafe,140,2023,6,2023-09-24T12:00:00+00:00,Getafe,4:3,Loss,False,סיום,3,4,-1,8-11,0,5,7,1,1.8,Away
0,Getafe,140,2023,7,2023-09-27T17:00:00+00:00,Getafe,2:2,Draw,True,סיום,2,2,0,10-13,1,0,8,2,3.2,Away
0,Getafe,140,2023,8,2023-09-30T12:00:00+00:00,Villarreal,0:0,Draw,True,סיום,0,0,0,10-13,2,0,9,3,4.2,Home
0,Getafe,140,2023,9,2023-10-08T16:30:00+00:00,Getafe,2:2,Draw,True,סיום,2,2,0,12-15,3,0,10,4,4.6,Away
0,Getafe,140,2023,10,2023-10-21T14:15:00+00:00,Real Betis,1:1,Draw,True,סיום,1,1,0,13-16,4,0,11,5,5.4,Home
0,Getafe,140,2023,11,2023-10-28T16:30:00+00:00,Getafe,0:0,Draw,True,סיום,0,0,0,13-16,5,0,12,6,5.8,Away
0,Getafe,140,2023,12,2023-11-06T20:00:00+00:00,Cadiz,1:0,Win,False,סיום,1,0,1,14-16,0,1,15,6,5.0,Home
0,Getafe,140,2023,13,2023-11-11T17:30:00+00:00,Getafe,1:1,Draw,True,סיום,1,1,0,15-17,1,0,16,7,5.7,Away
0,Getafe,140,2023,14,2023-11-25T17:30:00+00:00,Almeria,2:1,Win,False,סיום,2,1,1,17-18,0,1,19,7,5.3,Home
0,Getafe,140,2023,15,2023-12-01T20:00:00+00:00,Getafe,2:0,Loss,False,סיום,0,2,-2,17-20,0,2,19,7,5.0,Away
0,Getafe,140,2023,16,2023-12-08T20:00:00+00:00,Valencia,1:0,Win,False,סיום,1,0,1,18-20,0,3,22,7,4.7,Home
0,Getafe,140,2023,17,2023-12-16T17:30:00+00:00,Getafe,0:3,Win,False,סיום,3,0,3,21-20,0,4,25,7,4.3,Away
0,Getafe,140,2023,18,2023-12-19T20:30:00+00:00,Getafe,3:3,Draw,True,סיום,3,3,0,24-23,1,0,26,8,4.7,Away
0,Getafe,140,2024,19,2024-01-02T16:00:00+00:00,Rayo Vallecano,0:2,Loss,False,סיום,0,2,-2,24-25,0,1,26,8,4.4,Home
0,Getafe,140,2024,20,2024-02-01T20:00:00+00:00,Real Madrid,0:2,Loss,False,סיום,0,2,-2,24-27,0,2,26,8,3.6,Home
0,Getafe,140,2024,21,2024-01-21T13:00:00+00:00,Getafe,3:2,Loss,False,סיום,2,3,-1,26-30,0,3,26,8,3.9,Away
0,Getafe,140,2024,22,2024-01-29T20:00:00+00:00,Granada CF,2:0,Win,False,סיום,2,0,2,28-30,0,4,29,8,3.7,Home
0,Getafe,140,2024,23,2024-02-04T17:30:00+00:00,Getafe,1:1,Draw,True,סיום,1,1,0,29-31,1,0,30,9,3.9,Away
0,Getafe,140,2024,24,2024-02-11T13:00:00+00:00,Celta Vigo,3:2,Win,False,סיום,3,2,1,32-33,0,1,33,9,3.8,Home
0,Getafe,140,2024,25,2024-02-16T20:00:00+00:00,Getafe,1:1,Draw,True,סיום,1,1,0,33-34,1,0,34,10,4.1,Away
0,Getafe,140,2024,26,2024-02-24T15:15:00+00:00,Getafe,4:0,Loss,False,סיום,0,4,-4,33-38,0,1,34,10,4.0,Away
0,Getafe,140,2024,27,2024-03-02T17:30:00+00:00,Las Palmas,3:3,Draw,True,סיום,3,3,0,36-41,1,0,35,11,4.2,Home
0,Getafe,140,2024,28,2024-03-09T13:00:00+00:00,Getafe,1:0,Loss,False,סיום,0,1,-1,36-42,0,1,35,11,4.1,Away
0,Getafe,140,2024,29,2024-03-16T17:30:00+00:00,Girona,1:0,Win,False,סיום,1,0,1,37-42,0,2,38,11,3.9,Home
0,Getafe,140,2024,30,2024-03-30T13:00:00+00:00,Sevilla,0:1,Loss,False,סיום,0,1,-1,37-43,0,3,38,11,3.8,Home
0,Getafe,140,2024,31,2024-04-13T14:15:00+00:00,Getafe,0:0,Draw,True,סיום,0,0,0,37-43,1,0,39,12,4.0,Away
0,Getafe,140,2024,32,2024-04-21T12:00:00+00:00,Real Sociedad,1:1,Draw,True,סיום,1,1,0,38-44,2,0,40,13,4.1,Home
0,Getafe,140,2024,33,2024-04-27T14:15:00+00:00,Getafe,1:3,Win,False,סיום,3,1,2,41-45,0,1,43,13,4.0,Away
0,Getafe,140,2024,34,2024-05-03T19:00:00+00:00,Athletic Club,0:2,Loss,False,סיום,0,2,-2,41-47,0,2,43,13,3.9,Home
0,Getafe,140,2024,35,2024-05-12T12:00:00+00:00,Getafe,1:0,Loss,False,סיום,0,1,-1,41-48,0,3,43,13,3.8,Away
0,Getafe,140,2024,36,2024-05-15T20:00:00+00:00,Atletico Madrid,0:3,Loss,False,סיום,0,3,-3,41-51,0,4,43,13,3.6,Home
0,Getafe,140,2024,37,2024-05-18T19:00:00+00:00,Getafe,1:0,Loss,False,סיום,0,1,-1,41-52,0,5,43,13,3.6,Away
0,Getafe,140,2024,38,2024-05-26T12:00:00+00:00,Mallorca,1:2,Loss,False,סיום,1,2,-1,42-54,0,6,43,13,3.4,Home
0,Mallorca,140,2023,1,2023-08-12T17:30:00+00:00,Mallorca,1:1,Draw,True,סיום,1,1,0,1-1,1,0,1,1,25.0,Away
0,Mallorca,140,2023,2,2023-08-18T17:30:00+00:00,Villarreal,0:1,Loss,False,סיום,0,1,-1,1-2,0,1,1,1,9.1,Home
0,Mallorca,140,2023,3,2023-08-26T17:30:00+00:00,Mallorca,3:2,Loss,False,סיום,2,3,-1,3-5,0,2,1,1,4.2,Away
0,Mallorca,140,2023,4,2023-09-03T14:15:00+00:00,Athletic Club,0:0,Draw,True,סיום,0,0,0,3-5,1,0,2,2,5.3,Home
0,Mallorca,140,2023,5,2023-09-16T16:30:00+00:00,Mallorca,0:1,Win,False,סיום,1,0,1,4-5,0,1,5,2,4.7,Away
0,Mallorca,140,2023,6,2023-09-23T12:00:00+00:00,Mallorca,5:3,Loss,False,סיום,3,5,-2,7-10,0,2,5,2,3.9,Away
0,Mallorca,140,2023,7,2023-09-26T19:30:00+00:00,Barcelona,2:2,Draw,True,סיום,2,2,0,9-12,1,0,6,3,4.9,Home
0,Mallorca,140,2023,8,2023-09-30T14:15:00+00:00,Mallorca,2:2,Draw,True,סיום,2,2,0,11-14,2,0,7,4,5.6,Away
0,Mallorca,140,2023,9,2023-10-07T16:30:00+00:00,Valencia,1:1,Draw,True,סיום,1,1,0,12-15,3,0,8,5,6.0,Home
0,Mallorca,140,2023,10,2023-10-21T12:00:00+00:00,Mallorca,1:0,Loss,False,סיום,0,1,-1,12-16,0,1,8,5,5.5,Away
0,Mallorca,140,2023,11,2023-10-28T16:30:00+00:00,Getafe,0:0,Draw,True,סיום,0,0,0,12-16,1,0,9,6,5.8,Home
0,Mallorca,140,2023,12,2023-11-04T15:15:00+00:00,Mallorca,2:0,Loss,False,סיום,0,2,-2,12-18,0,1,9,6,5.4,Away
0,Mallorca,140,2023,13,2023-11-29T20:00:00+00:00,Cadiz,1:1,Draw,True,סיום,1,1,0,13-19,1,0,10,7,5.0,Home
0,Mallorca,140,2023,14,2023-11-25T20:00:00+00:00,Mallorca,1:0,Loss,False,סיום,0,1,-1,13-20,0,1,10,7,5.3,Away
0,Mallorca,140,2023,15,2023-12-03T13:00:00+00:00,Alaves,0:0,Draw,True,סיום,0,0,0,13-20,1,0,11,8,5.5,Home
0,Mallorca,140,2023,16,2023-12-09T20:00:00+00:00,Sevilla,1:0,Win,False,סיום,1,0,1,14-20,0,1,14,8,5.2,Home
0,Mallorca,140,2023,17,2023-12-17T13:00:00+00:00,Mallorca,0:0,Draw,True,סיום,0,0,0,14-20,1,0,15,9,5.5,Away
0,Mallorca,140,2023,18,2023-12-21T20:30:00+00:00,Osasuna,3:2,Win,False,סיום,3,2,1,17-22,0,1,18,9,5.0,Home
0,Mallorca,140,2024,19,2024-01-03T18:15:00+00:00,Mallorca,1:0,Loss,False,סיום,0,1,-1,17-23,0,2,18,9,4.8,Away
0,Mallorca,140,2024,20,2024-01-13T15:15:00+00:00,Celta Vigo,1:1,Draw,True,סיום,1,1,0,18-24,1,0,19,10,5.2,Home
0,Mallorca,140,2024,21,2024-01-20T15:15:00+00:00,Mallorca,1:1,Draw,True,סיום,1,1,0,19-25,2,0,20,11,5.5,Away
0,Mallorca,140,2024,22,2024-01-27T20:00:00+00:00,Real Betis,0:1,Loss,False,סיום,0,1,-1,19-26,0,1,20,11,5.2,Home
0,Mallorca,140,2024,23,2024-02-02T20:00:00+00:00,Mallorca,4:0,Loss,False,סיום,0,4,-4,19-30,0,2,20,11,5.0,Away
0,Mallorca,140,2024,24,2024-02-11T15:15:00+00:00,Rayo Vallecano,2:1,Win,False,סיום,2,1,1,21-31,0,3,23,11,4.6,Home
0,Mallorca,140,2024,25,2024-02-18T17:30:00+00:00,Real Sociedad,1:2,Loss,False,סיום,1,2,-1,22-33,0,4,23,11,4.4,Home
0,Mallorca,140,2024,26,2024-02-24T17:30:00+00:00,Mallorca,1:1,Draw,True,סיום,1,1,0,23-34,1,0,24,12,4.7,Away
0,Mallorca,140,2024,27,2024-03-03T17:30:00+00:00,Girona,1:0,Win,False,סיום,1,0,1,24-34,0,1,27,12,4.5,Home
0,Mallorca,140,2024,28,2024-03-08T20:00:00+00:00,Mallorca,1:0,Loss,False,סיום,0,1,-1,24-35,0,2,27,12,4.4,Away
0,Mallorca,140,2024,29,2024-03-16T13:00:00+00:00,Granada CF,1:0,Win,False,סיום,1,0,1,25-35,0,3,30,12,4.3,Home
0,Mallorca,140,2024,30,2024-03-30T17:30:00+00:00,Mallorca,0:0,Draw,True,סיום,0,0,0,25-35,1,0,31,13,4.4,Away
0,Mallorca,140,2024,31,2024-04-13T16:30:00+00:00,Real Madrid,0:1,Loss,False,סיום,0,1,-1,25-36,0,1,31,13,4.3,Home
0,Mallorca,140,2024,32,2024-04-22T19:00:00+00:00,Mallorca,2:1,Loss,False,סיום,1,2,-1,26-38,0,2,31,13,4.1,Away
0,Mallorca,140,2024,33,2024-04-28T12:00:00+00:00,Mallorca,1:1,Draw,True,סיום,1,1,0,27-39,1,0,32,14,4.3,Away
0,Mallorca,140,2024,34,2024-05-04T19:00:00+00:00,Atletico Madrid,0:1,Loss,False,סיום,0,1,-1,27-40,0,1,32,14,4.2,Home
0,Mallorca,140,2024,35,2024-05-11T12:00:00+00:00,Las Palmas,1:0,Win,False,סיום,1,0,1,28-40,0,2,35,14,4.1,Home
0,Mallorca,140,2024,36,2024-05-14T17:30:00+00:00,Mallorca,1:1,Draw,True,סיום,1,1,0,29-41,1,0,36,15,4.3,Away
0,Mallorca,140,2024,37,2024-05-19T17:00:00+00:00,Almeria,2:2,Draw,True,סיום,2,2,0,31-43,2,0,37,16,4.3,Home
0,Mallorca,140,2024,38,2024-05-26T12:00:00+00:00,Mallorca,1:2,Win,False,סיום,2,1,1,33-44,0,1,40,16,4.2,Away
0,Athletic Club,140,2023,1,2023-08-12T19:30:00+00:00,Real Madrid,0:2,Loss,False,סיום,0,2,-2,0-2,0,1,0,0,0.0,Home
0,Athletic Club,140,2023,2,2023-08-19T19:30:00+00:00,Athletic Club,0:2,Win,False,סיום,2,0,2,2-2,0,2,3,0,0.0,Away
0,Athletic Club,140,2023,3,2023-08-27T19:30:00+00:00,Real Betis,4:2,Win,False,סיום,4,2,2,6-4,0,3,6,0,0.0,Home
0,Athletic Club,140,2023,4,2023-09-03T14:15:00+00:00,Athletic Club,0:0,Draw,True,סיום,0,0,0,6-4,1,0,7,1,2.6,Away
0,Athletic Club,140,2023,5,2023-09-16T12:00:00+00:00,Cadiz,3:0,Win,False,סיום,3,0,3,9-4,0,1,10,1,2.4,Home
0,Athletic Club,140,2023,6,2023-09-22T19:00:00+00:00,Athletic Club,0:2,Win,False,סיום,2,0,2,11-4,0,2,13,1,2.0,Away
0,Athletic Club,140,2023,7,2023-09-27T17:00:00+00:00,Getafe,2:2,Draw,True,סיום,2,2,0,13-6,1,0,14,2,3.2,Home
0,Athletic Club,140,2023,8,2023-09-30T19:00:00+00:00,Athletic Club,3:0,Loss,False,סיום,0,3,-3,13-9,0,1,14,2,2.7,Away
0,Athletic Club,140,2023,9,2023-10-06T19:00:00+00:00,Almeria,3:0,Win,False,סיום,3,0,3,16-9,0,2,17,2,2.5,Home
0,Athletic Club,140,2023,10,2023-10-22T19:00:00+00:00,Athletic Club,1:0,Loss,False,סיום,0,1,-1,16-10,0,3,17,2,2.0,Away
0,Athletic Club,140,2023,11,2023-10-29T17:30:00+00:00,Valencia,2:2,Draw,True,סיום,2,2,0,18-12,1,0,18,3,2.8,Home
0,Athletic Club,140,2023,12,2023-11-05T17:30:00+00:00,Athletic Club,2:3,Win,False,סיום,3,2,1,21-14,0,1,21,3,2.6,Away
0,Athletic Club,140,2023,13,2023-11-10T20:00:00+00:00,Celta Vigo,4:3,Win,False,סיום,4,3,1,25-17,0,2,24,3,2.5,Home
0,Athletic Club,140,2023,14,2023-11-27T20:00:00+00:00,Athletic Club,1:1,Draw,True,סיום,1,1,0,26-18,1,0,25,4,2.9,Away
0,Athletic Club,140,2023,15,2023-12-02T15:15:00+00:00,Rayo Vallecano,4:0,Win,False,סיום,4,0,4,30-18,0,1,28,4,2.8,Home
0,Athletic Club,140,2023,16,2023-12-11T15:15:00+00:00,Athletic Club,1:1,Draw,True,סיום,1,1,0,31-19,1,0,29,5,3.2,Away
0,Athletic Club,140,2023,17,2023-12-16T15:15:00+00:00,Atletico Madrid,2:0,Win,False,סיום,2,0,2,33-19,0,1,32,5,3.1,Home
0,Athletic Club,140,2023,18,2023-12-20T20:30:00+00:00,Las Palmas,1:0,Win,False,סיום,1,0,1,34-19,0,2,35,5,2.9,Home
0,Athletic Club,140,2024,19,2024-01-04T18:15:00+00:00,Athletic Club,0:2,Win,False,סיום,2,0,2,36-19,0,3,38,5,2.6,Away
0,Athletic Club,140,2024,20,2024-01-13T17:30:00+00:00,Real Sociedad,2:1,Win,False,סיום,2,1,1,38-20,0,4,41,5,2.6,Home
0,Athletic Club,140,2024,21,2024-01-20T17:30:00+00:00,Athletic Club,1:0,Loss,False,סיום,0,1,-1,38-21,0,5,41,5,2.5,Away
0,Athletic Club,140,2024,22,2024-01-28T15:15:00+00:00,Athletic Club,0:0,Draw,True,סיום,0,0,0,38-21,1,0,42,6,2.8,Away
0,Athletic Club,140,2024,23,2024-02-02T20:00:00+00:00,Mallorca,4:0,Win,False,סיום,4,0,4,42-21,0,1,45,6,2.7,Home
0,Athletic Club,140,2024,24,2024-02-12T20:00:00+00:00,Athletic Club,0:0,Draw,True,סיום,0,0,0,42-21,1,0,46,7,2.9,Away
0,Athletic Club,140,2024,25,2024-02-19T20:00:00+00:00,Girona,3:2,Win,False,סיום,3,2,1,45-23,0,1,49,7,2.8,Home
0,Athletic Club,140,2024,26,2024-02-25T15:15:00+00:00,Athletic Club,3:1,Loss,False,סיום,1,3,-2,46-26,0,2,49,7,2.7,Away
0,Athletic Club,140,2024,27,2024-03-03T20:00:00+00:00,Barcelona,0:0,Draw,True,סיום,0,0,0,46-26,1,0,50,8,3.0,Home
0,Athletic Club,140,2024,28,2024-03-10T15:15:00+00:00,Athletic Club,0:2,Win,False,סיום,2,0,2,48-26,0,1,53,8,2.9,Away
0,Athletic Club,140,2024,29,2024-03-16T20:00:00+00:00,Alaves,2:0,Win,False,סיום,2,0,2,50-26,0,2,56,8,2.8,Home
0,Athletic Club,140,2024,30,2024-03-31T19:00:00+00:00,Athletic Club,2:0,Loss,False,סיום,0,2,-2,50-28,0,3,56,8,2.7,Away
0,Athletic Club,140,2024,31,2024-04-14T16:30:00+00:00,Villarreal,1:1,Draw,True,סיום,1,1,0,51-29,1,0,57,9,2.9,Home
0,Athletic Club,140,2024,32,2024-04-19T19:00:00+00:00,Granada CF,1:1,Draw,True,סיום,1,1,0,52-30,2,0,58,10,3.2,Home
0,Athletic Club,140,2024,33,2024-04-27T19:00:00+00:00,Athletic Club,3:1,Loss,False,סיום,1,3,-2,53-33,0,1,58,10,3.1,Away
0,Athletic Club,140,2024,34,2024-05-03T19:00:00+00:00,Athletic Club,0:2,Win,False,סיום,2,0,2,55-33,0,2,61,10,3.0,Away
0,Athletic Club,140,2024,35,2024-05-11T19:00:00+00:00,Osasuna,2:2,Draw,True,סיום,2,2,0,57-35,1,0,62,11,3.2,Home
0,Athletic Club,140,2024,36,2024-05-15T20:00:00+00:00,Athletic Club,2:1,Loss,False,סיום,1,2,-1,58-37,0,1,62,11,3.1,Away
0,Athletic Club,140,2024,37,2024-05-19T17:00:00+00:00,Sevilla,2:0,Win,False,סיום,2,0,2,60-37,0,2,65,11,3.0,Home
0,Athletic Club,140,2024,38,2024-05-25T16:30:00+00:00,Athletic Club,0:1,Win,False,סיום,1,0,1,61-37,0,3,68,11,2.9,Away
0,Osasuna,140,2023,1,2023-08-13T15:00:00+00:00,Osasuna,0:2,Win,False,סיום,2,0,2,2-0,0,1,3,0,0.0,Away
0,Osasuna,140,2023,2,2023-08-19T19:30:00+00:00,Athletic Club,0:2,Loss,False,סיום,0,2,-2,2-2,0,2,3,0,0.0,Home
0,Osasuna,140,2023,3,2023-08-27T17:30:00+00:00,Osasuna,1:2,Win,False,סיום,2,1,1,4-3,0,3,6,0,0.0,Away
0,Osasuna,140,2023,4,2023-09-03T19:00:00+00:00,Barcelona,1:2,Loss,False,סיום,1,2,-1,5-5,0,4,6,0,0.0,Home
0,Osasuna,140,2023,5,2023-09-17T12:00:00+00:00,Osasuna,3:2,Loss,False,סיום,2,3,-1,7-8,0,5,6,0,0.0,Away
0,Osasuna,140,2023,6,2023-09-23T14:15:00+00:00,Sevilla,0:0,Draw,True,סיום,0,0,0,7-8,1,0,7,1,1.9,Home
0,Osasuna,140,2023,7,2023-09-28T19:30:00+00:00,Atletico Madrid,0:2,Loss,False,סיום,0,2,-2,7-10,0,1,7,1,1.4,Home
0,Osasuna,140,2023,8,2023-10-01T14:15:00+00:00,Osasuna,0:2,Win,False,סיום,2,0,2,9-10,0,2,10,1,1.3,Away
0,Osasuna,140,2023,9,2023-10-07T14:15:00+00:00,Osasuna,4:0,Loss,False,סיום,0,4,-4,9-14,0,3,10,1,1.2,Away
0,Osasuna,140,2023,10,2023-10-20T19:00:00+00:00,Granada CF,2:0,Win,False,סיום,2,0,2,11-14,0,4,13,1,1.1,Home
0,Osasuna,140,2023,11,2023-10-29T13:00:00+00:00,Osasuna,2:1,Loss,False,סיום,1,2,-1,12-16,0,5,13,1,1.0,Away
0,Osasuna,140,2023,12,2023-11-04T13:00:00+00:00,Girona,2:4,Loss,False,סיום,2,4,-2,14-20,0,6,13,1,0.9,Home
0,Osasuna,140,2023,13,2023-11-11T17:30:00+00:00,Las Palmas,1:1,Draw,True,סיום,1,1,0,15-21,1,0,14,2,1.6,Home
0,Osasuna,140,2023,14,2023-11-26T13:00:00+00:00,Osasuna,3:1,Loss,False,סיום,1,3,-2,16-24,0,1,14,2,1.5,Away
0,Osasuna,140,2023,15,2023-12-02T20:00:00+00:00,Real Sociedad,1:1,Draw,True,סיום,1,1,0,17-25,1,0,15,3,2.1,Home
0,Osasuna,140,2023,16,2023-12-10T17:30:00+00:00,Osasuna,1:1,Draw,True,סיום,1,1,0,18-26,2,0,16,4,2.6,Away
0,Osasuna,140,2023,17,2023-12-15T20:00:00+00:00,Rayo Vallecano,1:0,Win,False,סיום,1,0,1,19-26,0,1,19,4,2.5,Home
0,Osasuna,140,2023,18,2023-12-21T20:30:00+00:00,Osasuna,3:2,Loss,False,סיום,2,3,-1,21-29,0,2,19,4,2.2,Away
0,Osasuna,140,2024,19,2024-01-04T16:00:00+00:00,Almeria,1:0,Win,False,סיום,1,0,1,22-29,0,3,22,4,2.1,Home
0,Osasuna,140,2024,20,2024-01-31T18:00:00+00:00,Osasuna,1:0,Loss,False,סיום,0,1,-1,22-30,0,4,22,4,1.8,Away
0,Osasuna,140,2024,21,2024-01-21T13:00:00+00:00,Getafe,3:2,Win,False,סיום,3,2,1,25-32,0,5,25,4,2.0,Home
0,Osasuna,140,2024,22,2024-01-28T17:30:00+00:00,Osasuna,1:1,Draw,True,סיום,1,1,0,26-33,1,0,26,5,2.3,Away
0,Osasuna,140,2024,23,2024-02-04T15:15:00+00:00,Celta Vigo,0:3,Loss,False,סיום,0,3,-3,26-36,0,1,26,5,2.2,Home
0,Osasuna,140,2024,24,2024-02-10T15:15:00+00:00,Osasuna,0:1,Win,False,סיום,1,0,1,27-36,0,2,29,5,2.1,Away
0,Osasuna,140,2024,25,2024-02-17T15:15:00+00:00,Cadiz,2:0,Win,False,סיום,2,0,2,29-36,0,3,32,5,2.1,Home
0,Osasuna,140,2024,26,2024-02-25T17:30:00+00:00,Osasuna,1:1,Draw,True,סיום,1,1,0,30-37,1,0,33,6,2.3,Away
0,Osasuna,140,2024,27,2024-03-04T20:00:00+00:00,Alaves,1:0,Win,False,סיום,1,0,1,31-37,0,1,36,6,2.2,Home
0,Osasuna,140,2024,28,2024-03-09T20:00:00+00:00,Osasuna,2:0,Loss,False,סיום,0,2,-2,31-39,0,2,36,6,2.2,Away
0,Osasuna,140,2024,29,2024-03-16T15:15:00+00:00,Real Madrid,2:4,Loss,False,סיום,2,4,-2,33-43,0,3,36,6,2.1,Home
0,Osasuna,140,2024,30,2024-03-30T15:15:00+00:00,Osasuna,0:3,Win,False,סיום,3,0,3,36-43,0,4,39,6,2.1,Away
0,Osasuna,140,2024,31,2024-04-15T19:00:00+00:00,Valencia,0:1,Loss,False,סיום,0,1,-1,36-44,0,5,39,6,1.9,Home
0,Osasuna,140,2024,32,2024-04-20T14:15:00+00:00,Osasuna,2:1,Loss,False,סיום,1,2,-1,37-46,0,6,39,6,1.9,Away
0,Osasuna,140,2024,33,2024-04-28T14:15:00+00:00,Osasuna,3:0,Loss,False,סיום,0,3,-3,37-49,0,7,39,6,1.8,Away
0,Osasuna,140,2024,34,2024-05-05T12:00:00+00:00,Real Betis,0:2,Loss,False,סיום,0,2,-2,37-51,0,8,39,6,1.8,Home
0,Osasuna,140,2024,35,2024-05-11T19:00:00+00:00,Osasuna,2:2,Draw,True,סיום,2,2,0,39-53,1,0,40,7,2.0,Away
0,Osasuna,140,2024,36,2024-05-14T17:30:00+00:00,Mallorca,1:1,Draw,True,סיום,1,1,0,40-54,2,0,41,8,2.3,Home
0,Osasuna,140,2024,37,2024-05-19T17:00:00+00:00,Osasuna,1:4,Win,False,סיום,4,1,3,44-55,0,1,44,8,2.2,Away
0,Osasuna,140,2024,38,2024-05-25T12:00:00+00:00,Villarreal,1:1,Draw,True,סיום,1,1,0,45-56,1,0,45,9,2.4,Home
0,Atletico Madrid,140,2023,1,2023-08-14T19:30:00+00:00,Granada CF,3:1,Win,False,סיום,3,1,2,3-1,0,1,3,0,0.0,Home
0,Atletico Madrid,140,2023,2,2023-08-20T19:30:00+00:00,Atletico Madrid,0:0,Draw,True,סיום,0,0,0,3-1,1,0,4,1,5.6,Away
0,Atletico Madrid,140,2023,3,2023-08-28T19:30:00+00:00,Atletico Madrid,0:7,Win,False,סיום,7,0,7,10-1,0,1,7,1,3.3,Away
0,Atletico Madrid,140,2023,4,2023-12-23T15:15:00+00:00,Sevilla,1:0,Win,False,סיום,1,0,1,11-1,0,2,10,1,0.6,Home
0,Atletico Madrid,140,2023,5,2023-09-16T14:15:00+00:00,Atletico Madrid,3:0,Loss,False,סיום,0,3,-3,11-4,0,3,10,1,2.4,Away
0,Atletico Madrid,140,2023,6,2023-09-24T19:00:00+00:00,Real Madrid,3:1,Win,False,סיום,3,1,2,14-5,0,4,13,1,1.7,Home
0,Atletico Madrid,140,2023,7,2023-09-28T19:30:00+00:00,Atletico Madrid,0:2,Win,False,סיום,2,0,2,16-5,0,5,16,1,1.4,Away
0,Atletico Madrid,140,2023,8,2023-10-01T19:00:00+00:00,Cadiz,3:2,Win,False,סיום,3,2,1,19-7,0,6,19,1,1.3,Home
0,Atletico Madrid,140,2023,9,2023-10-08T14:15:00+00:00,Real Sociedad,2:1,Win,False,סיום,2,1,1,21-8,0,7,22,1,1.2,Home
0,Atletico Madrid,140,2023,10,2023-10-21T19:00:00+00:00,Atletico Madrid,0:3,Win,False,סיום,3,0,3,24-8,0,8,25,1,1.1,Away
0,Atletico Madrid,140,2023,11,2023-10-29T20:00:00+00:00,Alaves,2:1,Win,False,סיום,2,1,1,26-9,0,9,28,1,0.9,Home
0,Atletico Madrid,140,2023,12,2023-11-03T20:00:00+00:00,Atletico Madrid,2:1,Loss,False,סיום,1,2,-1,27-11,0,10,28,1,0.9,Away
0,Atletico Madrid,140,2023,13,2023-11-12T20:00:00+00:00,Villarreal,3:1,Win,False,סיום,3,1,2,30-12,0,11,31,1,0.8,Home
0,Atletico Madrid,140,2023,14,2023-11-25T20:00:00+00:00,Mallorca,1:0,Win,False,סיום,1,0,1,31-12,0,12,34,1,0.8,Home
0,Atletico Madrid,140,2023,15,2023-12-03T20:00:00+00:00,Atletico Madrid,1:0,Loss,False,סיום,0,1,-1,31-13,0,13,34,1,0.7,Away
0,Atletico Madrid,140,2023,16,2023-12-10T13:00:00+00:00,Almeria,2:1,Win,False,סיום,2,1,1,33-14,0,14,37,1,0.6,Home
0,Atletico Madrid,140,2023,17,2023-12-16T15:15:00+00:00,Atletico Madrid,2:0,Loss,False,סיום,0,2,-2,33-16,0,15,37,1,0.6,Away
0,Atletico Madrid,140,2023,18,2023-12-19T20:30:00+00:00,Getafe,3:3,Draw,True,סיום,3,3,0,36-19,1,0,38,2,1.2,Home
0,Atletico Madrid,140,2024,19,2024-01-03T20:30:00+00:00,Atletico Madrid,4:3,Loss,False,סיום,3,4,-1,39-23,0,1,38,2,1.1,Away
0,Atletico Madrid,140,2024,20,2024-01-31T20:00:00+00:00,Rayo Vallecano,2:1,Win,False,סיום,2,1,1,41-24,0,2,41,2,0.9,Home
0,Atletico Madrid,140,2024,21,2024-01-22T20:00:00+00:00,Atletico Madrid,0:1,Win,False,סיום,1,0,1,42-24,0,3,44,2,1.0,Away
0,Atletico Madrid,140,2024,22,2024-01-28T20:00:00+00:00,Valencia,2:0,Win,False,סיום,2,0,2,44-24,0,4,47,2,0.9,Home
0,Atletico Madrid,140,2024,23,2024-02-04T20:00:00+00:00,Atletico Madrid,1:1,Draw,True,סיום,1,1,0,45-25,1,0,48,3,1.3,Away
0,Atletico Madrid,140,2024,24,2024-02-11T17:30:00+00:00,Atletico Madrid,1:0,Loss,False,סיום,0,1,-1,45-26,0,1,48,3,1.3,Away
0,Atletico Madrid,140,2024,25,2024-02-17T13:00:00+00:00,Las Palmas,5:0,Win,False,סיום,5,0,5,50-26,0,2,51,3,1.2,Home
0,Atletico Madrid,140,2024,26,2024-02-24T20:00:00+00:00,Atletico Madrid,2:2,Draw,True,סיום,2,2,0,52-28,1,0,52,4,1.6,Away
0,Atletico Madrid,140,2024,27,2024-03-03T15:15:00+00:00,Real Betis,2:1,Win,False,סיום,2,1,1,54-29,0,1,55,4,1.5,Home
0,Atletico Madrid,140,2024,28,2024-03-09T15:15:00+00:00,Atletico Madrid,2:0,Loss,False,סיום,0,2,-2,54-31,0,2,55,4,1.5,Away
0,Atletico Madrid,140,2024,29,2024-03-17T20:00:00+00:00,Barcelona,0:3,Loss,False,סיום,0,3,-3,54-34,0,3,55,4,1.4,Home
0,Atletico Madrid,140,2024,30,2024-04-01T19:00:00+00:00,Atletico Madrid,1:2,Win,False,סיום,2,1,1,56-35,0,4,58,4,1.3,Away
0,Atletico Madrid,140,2024,31,2024-04-13T12:00:00+00:00,Girona,3:1,Win,False,סיום,3,1,2,59-36,0,5,61,4,1.3,Home
0,Atletico Madrid,140,2024,32,2024-04-21T16:30:00+00:00,Atletico Madrid,2:0,Loss,False,סיום,0,2,-2,59-38,0,6,61,4,1.3,Away
0,Atletico Madrid,140,2024,33,2024-04-27T19:00:00+00:00,Athletic Club,3:1,Win,False,סיום,3,1,2,62-39,0,7,64,4,1.2,Home
0,Atletico Madrid,140,2024,34,2024-05-04T19:00:00+00:00,Atletico Madrid,0:1,Win,False,סיום,1,0,1,63-39,0,8,67,4,1.2,Away
0,Atletico Madrid,140,2024,35,2024-05-12T14:15:00+00:00,Celta Vigo,1:0,Win,False,סיום,1,0,1,64-39,0,9,70,4,1.2,Home
0,Atletico Madrid,140,2024,36,2024-05-15T20:00:00+00:00,Atletico Madrid,0:3,Win,False,סיום,3,0,3,67-39,0,10,73,4,1.1,Away
0,Atletico Madrid,140,2024,37,2024-05-19T17:00:00+00:00,Osasuna,1:4,Loss,False,סיום,1,4,-3,68-43,0,11,73,4,1.1,Home
0,Atletico Madrid,140,2024,38,2024-05-25T14:15:00+00:00,Atletico Madrid,0:2,Win,False,סיום,2,0,2,70-43,0,12,76,4,1.1,Away
0,Villarreal,140,2023,1,2023-08-13T17:30:00+00:00,Real Betis,1:2,Loss,False,סיום,1,2,-1,1-2,0,1,0,0,0.0,Home
0,Villarreal,140,2023,2,2023-08-18T17:30:00+00:00,Villarreal,0:1,Win,False,סיום,1,0,1,2-2,0,2,3,0,0.0,Away
0,Villarreal,140,2023,3,2023-08-27T15:30:00+00:00,Barcelona,3:4,Loss,False,סיום,3,4,-1,5-6,0,3,3,0,0.0,Home
0,Villarreal,140,2023,4,2023-09-01T17:30:00+00:00,Villarreal,3:1,Loss,False,סיום,1,3,-2,6-9,0,4,3,0,0.0,Away
0,Villarreal,140,2023,5,2023-09-17T14:15:00+00:00,Almeria,2:1,Win,False,סיום,2,1,1,8-10,0,5,6,0,0.0,Home
0,Villarreal,140,2023,6,2023-09-24T14:15:00+00:00,Villarreal,1:1,Draw,True,סיום,1,1,0,9-11,1,0,7,1,1.8,Away
0,Villarreal,140,2023,7,2023-09-27T17:00:00+00:00,Girona,1:2,Loss,False,סיום,1,2,-1,10-13,0,1,7,1,1.6,Home
0,Villarreal,140,2023,8,2023-09-30T12:00:00+00:00,Villarreal,0:0,Draw,True,סיום,0,0,0,10-13,1,0,8,2,2.8,Away
0,Villarreal,140,2023,9,2023-10-08T12:00:00+00:00,Las Palmas,1:2,Loss,False,סיום,1,2,-1,11-15,0,1,8,2,2.4,Home
0,Villarreal,140,2023,10,2023-10-22T16:30:00+00:00,Alaves,1:1,Draw,True,סיום,1,1,0,12-16,1,0,9,3,3.1,Home
0,Villarreal,140,2023,11,2023-10-30T20:00:00+00:00,Villarreal,2:3,Win,False,סיום,3,2,1,15-18,0,1,12,3,2.8,Away
0,Villarreal,140,2023,12,2023-11-05T17:30:00+00:00,Athletic Club,2:3,Loss,False,סיום,2,3,-1,17-21,0,2,12,3,2.6,Home
0,Villarreal,140,2023,13,2023-11-12T20:00:00+00:00,Villarreal,3:1,Loss,False,סיום,1,3,-2,18-24,0,3,12,3,2.3,Away
0,Villarreal,140,2023,14,2023-11-26T13:00:00+00:00,Osasuna,3:1,Win,False,סיום,3,1,2,21-25,0,4,15,3,2.2,Home
0,Villarreal,140,2023,15,2023-12-03T17:30:00+00:00,Villarreal,1:1,Draw,True,סיום,1,1,0,22-26,1,0,16,4,2.7,Away
0,Villarreal,140,2023,16,2023-12-09T17:30:00+00:00,Real Sociedad,0:3,Loss,False,סיום,0,3,-3,22-29,0,1,16,4,2.6,Home
0,Villarreal,140,2023,17,2023-12-17T20:00:00+00:00,Villarreal,4:1,Loss,False,סיום,1,4,-3,23-33,0,2,16,4,2.4,Away
0,Villarreal,140,2023,18,2023-12-20T20:30:00+00:00,Celta Vigo,3:2,Win,False,סיום,3,2,1,26-35,0,3,19,4,2.3,Home
0,Villarreal,140,2024,19,2024-01-02T20:30:00+00:00,Villarreal,3:1,Loss,False,סיום,1,3,-2,27-38,0,4,19,4,2.2,Away
0,Villarreal,140,2024,20,2024-01-13T13:00:00+00:00,Villarreal,3:0,Loss,False,סיום,0,3,-3,27-41,0,5,19,4,2.1,Away
0,Villarreal,140,2024,21,2024-01-20T15:15:00+00:00,Mallorca,1:1,Draw,True,סיום,1,1,0,28-42,1,0,20,5,2.5,Home
0,Villarreal,140,2024,22,2024-01-27T17:30:00+00:00,Villarreal,3:5,Win,False,סיום,5,3,2,33-45,0,1,23,5,2.4,Away
0,Villarreal,140,2024,23,2024-02-04T13:00:00+00:00,Cadiz,0:0,Draw,True,סיום,0,0,0,33-45,1,0,24,6,2.7,Home
0,Villarreal,140,2024,24,2024-02-10T13:00:00+00:00,Villarreal,1:1,Draw,True,סיום,1,1,0,34-46,2,0,25,7,3.0,Away
0,Villarreal,140,2024,25,2024-02-16T20:00:00+00:00,Getafe,1:1,Draw,True,סיום,1,1,0,35-47,3,0,26,8,3.3,Home
0,Villarreal,140,2024,26,2024-02-23T20:00:00+00:00,Villarreal,1:3,Win,False,סיום,3,1,2,38-48,0,1,29,8,3.2,Away
0,Villarreal,140,2024,27,2024-03-03T13:00:00+00:00,Granada CF,5:1,Win,False,סיום,5,1,4,43-49,0,2,32,8,3.0,Home
0,Villarreal,140,2024,28,2024-03-10T20:00:00+00:00,Villarreal,2:3,Win,False,סיום,3,2,1,46-51,0,3,35,8,2.9,Away
0,Villarreal,140,2024,29,2024-03-17T15:15:00+00:00,Valencia,1:0,Win,False,סיום,1,0,1,47-51,0,4,38,8,2.8,Home
0,Villarreal,140,2024,30,2024-04-01T19:00:00+00:00,Atletico Madrid,1:2,Loss,False,סיום,1,2,-1,48-53,0,5,38,8,2.7,Home
0,Villarreal,140,2024,31,2024-04-14T16:30:00+00:00,Villarreal,1:1,Draw,True,סיום,1,1,0,49-54,1,0,39,9,2.9,Away
0,Villarreal,140,2024,32,2024-04-21T14:15:00+00:00,Villarreal,1:2,Win,False,סיום,2,1,1,51-55,0,1,42,9,2.8,Away
0,Villarreal,140,2024,33,2024-04-28T16:30:00+00:00,Rayo Vallecano,3:0,Win,False,סיום,3,0,3,54-55,0,2,45,9,2.7,Home
0,Villarreal,140,2024,34,2024-05-05T14:15:00+00:00,Villarreal,3:2,Loss,False,סיום,2,3,-1,56-58,0,3,45,9,2.7,Away
0,Villarreal,140,2024,35,2024-05-11T14:15:00+00:00,Sevilla,3:2,Win,False,סיום,3,2,1,59-60,0,4,48,9,2.6,Home
0,Villarreal,140,2024,36,2024-05-14T20:00:00+00:00,Villarreal,0:1,Win,False,סיום,1,0,1,60-60,0,5,51,9,2.5,Away
0,Villarreal,140,2024,37,2024-05-19T17:00:00+00:00,Real Madrid,4:4,Draw,True,סיום,4,4,0,64-64,1,0,52,10,2.7,Home
0,Villarreal,140,2024,38,2024-05-25T12:00:00+00:00,Villarreal,1:1,Draw,True,סיום,1,1,0,65-65,2,0,53,11,3.0,Away
0,Sevilla,140,2023,1,2023-08-11T20:00:00+00:00,Valencia,1:2,Loss,False,סיום,1,2,-1,1-2,0,1,0,0,0.0,Home
0,Sevilla,140,2023,2,2023-08-21T17:00:00+00:00,Sevilla,4:3,Loss,False,סיום,3,4,-1,4-6,0,2,0,0,0.0,Away
0,Sevilla,140,2023,3,2023-08-26T19:30:00+00:00,Girona,1:2,Loss,False,סיום,1,2,-1,5-8,0,3,0,0,0.0,Home
0,Sevilla,140,2023,4,2023-12-23T15:15:00+00:00,Sevilla,1:0,Loss,False,סיום,0,1,-1,5-9,0,4,0,0,0.0,Away
0,Sevilla,140,2023,5,2023-09-17T16:30:00+00:00,Las Palmas,1:0,Win,False,סיום,1,0,1,6-9,0,5,3,0,0.0,Home
0,Sevilla,140,2023,6,2023-09-23T14:15:00+00:00,Sevilla,0:0,Draw,True,סיום,0,0,0,6-9,1,0,4,1,1.9,Away
0,Sevilla,140,2023,7,2023-09-26T17:00:00+00:00,Almeria,5:1,Win,False,סיום,5,1,4,11-10,0,1,7,1,1.7,Home
0,Sevilla,140,2023,8,2023-09-29T19:00:00+00:00,Sevilla,1:0,Loss,False,סיום,0,1,-1,11-11,0,2,7,1,1.4,Away
0,Sevilla,140,2023,9,2023-10-07T19:00:00+00:00,Rayo Vallecano,2:2,Draw,True,סיום,2,2,0,13-13,1,0,8,2,2.4,Home
0,Sevilla,140,2023,10,2023-10-21T16:30:00+00:00,Real Madrid,1:1,Draw,True,סיום,1,1,0,14-14,2,0,9,3,3.2,Home
0,Sevilla,140,2023,11,2023-10-28T19:00:00+00:00,Sevilla,2:2,Draw,True,סיום,2,2,0,16-16,3,0,10,4,3.8,Away
0,Sevilla,140,2023,12,2023-11-04T17:30:00+00:00,Sevilla,1:1,Draw,True,סיום,1,1,0,17-17,4,0,11,5,4.4,Away
0,Sevilla,140,2023,13,2023-11-12T17:30:00+00:00,Real Betis,1:1,Draw,True,סיום,1,1,0,18-18,5,0,12,6,4.7,Home
0,Sevilla,140,2023,14,2023-11-26T15:15:00+00:00,Sevilla,2:1,Loss,False,סיום,1,2,-1,19-20,0,1,12,6,4.4,Away
0,Sevilla,140,2023,15,2023-12-03T17:30:00+00:00,Villarreal,1:1,Draw,True,סיום,1,1,0,20-21,1,0,13,7,4.8,Home
0,Sevilla,140,2023,16,2023-12-09T20:00:00+00:00,Sevilla,1:0,Loss,False,סיום,0,1,-1,20-22,0,1,13,7,4.5,Away
0,Sevilla,140,2023,17,2023-12-16T17:30:00+00:00,Getafe,0:3,Loss,False,סיום,0,3,-3,20-25,0,2,13,7,4.3,Home
0,Sevilla,140,2023,18,2023-12-19T20:30:00+00:00,Sevilla,0:3,Win,False,סיום,3,0,3,23-25,0,3,16,7,4.1,Away
0,Sevilla,140,2024,19,2024-01-04T18:15:00+00:00,Athletic Club,0:2,Loss,False,סיום,0,2,-2,23-27,0,4,16,7,3.7,Home
0,Sevilla,140,2024,20,2024-01-12T20:00:00+00:00,Alaves,2:3,Loss,False,סיום,2,3,-1,25-30,0,5,16,7,3.7,Home
0,Sevilla,140,2024,21,2024-01-21T20:00:00+00:00,Sevilla,5:1,Loss,False,סיום,1,5,-4,26-35,0,6,16,7,3.4,Away
0,Sevilla,140,2024,22,2024-01-28T17:30:00+00:00,Osasuna,1:1,Draw,True,סיום,1,1,0,27-36,1,0,17,8,3.7,Home
0,Sevilla,140,2024,23,2024-02-05T20:00:00+00:00,Sevilla,1:2,Win,False,סיום,2,1,1,29-37,0,1,20,8,3.5,Away
0,Sevilla,140,2024,24,2024-02-11T17:30:00+00:00,Atletico Madrid,1:0,Win,False,סיום,1,0,1,30-37,0,2,23,8,3.4,Home
0,Sevilla,140,2024,25,2024-02-17T20:00:00+00:00,Sevilla,0:0,Draw,True,סיום,0,0,0,30-37,1,0,24,9,3.7,Away
0,Sevilla,140,2024,26,2024-02-25T20:00:00+00:00,Sevilla,1:0,Loss,False,סיום,0,1,-1,30-38,0,1,24,9,3.5,Away
0,Sevilla,140,2024,27,2024-03-02T13:00:00+00:00,Real Sociedad,3:2,Win,False,סיום,3,2,1,33-40,0,2,27,9,3.4,Home
0,Sevilla,140,2024,28,2024-03-11T20:00:00+00:00,Sevilla,2:2,Draw,True,סיום,2,2,0,35-42,1,0,28,10,3.6,Away
0,Sevilla,140,2024,29,2024-03-17T13:00:00+00:00,Celta Vigo,1:2,Loss,False,סיום,1,2,-1,36-44,0,1,28,10,3.5,Home
0,Sevilla,140,2024,30,2024-03-30T13:00:00+00:00,Sevilla,0:1,Win,False,סיום,1,0,1,37-44,0,2,31,10,3.4,Away
0,Sevilla,140,2024,31,2024-04-14T12:00:00+00:00,Sevilla,0:2,Win,False,סיום,2,0,2,39-44,0,3,34,10,3.3,Away
0,Sevilla,140,2024,32,2024-04-22T19:00:00+00:00,Mallorca,2:1,Win,False,סיום,2,1,1,41-45,0,4,37,10,3.1,Home
0,Sevilla,140,2024,33,2024-04-28T19:00:00+00:00,Sevilla,1:1,Draw,True,סיום,1,1,0,42-46,1,0,38,11,3.3,Away
0,Sevilla,140,2024,34,2024-05-05T19:00:00+00:00,Granada CF,3:0,Win,False,סיום,3,0,3,45-46,0,1,41,11,3.2,Home
0,Sevilla,140,2024,35,2024-05-11T14:15:00+00:00,Sevilla,3:2,Loss,False,סיום,2,3,-1,47-49,0,2,41,11,3.2,Away
0,Sevilla,140,2024,36,2024-05-15T17:30:00+00:00,Cadiz,0:1,Loss,False,סיום,0,1,-1,47-50,0,3,41,11,3.1,Home
0,Sevilla,140,2024,37,2024-05-19T17:00:00+00:00,Sevilla,2:0,Loss,False,סיום,0,2,-2,47-52,0,4,41,11,3.0,Away
0,Sevilla,140,2024,38,2024-05-26T19:00:00+00:00,Barcelona,1:2,Loss,False,סיום,1,2,-1,48-54,0,5,41,11,2.9,Home
0,Celta Vigo,140,2023,1,2023-08-13T15:00:00+00:00,Osasuna,0:2,Loss,False,סיום,0,2,-2,0-2,0,1,0,0,0.0,Home
0,Celta Vigo,140,2023,2,2023-08-19T15:00:00+00:00,Celta Vigo,1:1,Draw,True,סיום,1,1,0,1-3,1,0,1,1,7.7,Away
0,Celta Vigo,140,2023,3,2023-08-25T19:30:00+00:00,Real Madrid,0:1,Loss,False,סיום,0,1,-1,1-4,0,1,1,1,4.5,Home
0,Celta Vigo,140,2023,4,2023-09-01T20:00:00+00:00,Celta Vigo,2:3,Win,False,סיום,3,2,1,4-6,0,2,4,1,3.1,Away
0,Celta Vigo,140,2023,5,2023-09-16T16:30:00+00:00,Mallorca,0:1,Loss,False,סיום,0,1,-1,4-7,0,3,4,1,2.3,Home
0,Celta Vigo,140,2023,6,2023-09-23T16:30:00+00:00,Celta Vigo,3:2,Loss,False,סיום,2,3,-1,6-10,0,4,4,1,1.9,Away
0,Celta Vigo,140,2023,7,2023-09-28T17:00:00+00:00,Alaves,1:1,Draw,True,סיום,1,1,0,7-11,1,0,5,2,3.0,Home
0,Celta Vigo,140,2023,8,2023-10-02T19:00:00+00:00,Celta Vigo,2:1,Loss,False,סיום,1,2,-1,8-13,0,1,5,2,2.5,Away
0,Celta Vigo,140,2023,9,2023-10-08T16:30:00+00:00,Getafe,2:2,Draw,True,סיום,2,2,0,10-15,1,0,6,3,3.4,Home
0,Celta Vigo,140,2023,10,2023-10-21T19:00:00+00:00,Atletico Madrid,0:3,Loss,False,סיום,0,3,-3,10-18,0,1,6,3,3.2,Home
0,Celta Vigo,140,2023,11,2023-10-27T19:00:00+00:00,Celta Vigo,1:0,Loss,False,סיום,0,1,-1,10-19,0,2,6,3,3.0,Away
0,Celta Vigo,140,2023,12,2023-11-04T17:30:00+00:00,Sevilla,1:1,Draw,True,סיום,1,1,0,11-20,1,0,7,4,3.5,Home
0,Celta Vigo,140,2023,13,2023-11-10T20:00:00+00:00,Celta Vigo,4:3,Loss,False,סיום,3,4,-1,14-24,0,1,7,4,3.3,Away
0,Celta Vigo,140,2023,14,2023-11-25T15:15:00+00:00,Celta Vigo,0:0,Draw,True,סיום,0,0,0,14-24,1,0,8,5,3.8,Away
0,Celta Vigo,140,2023,15,2023-12-04T20:00:00+00:00,Cadiz,1:1,Draw,True,סיום,1,1,0,15-25,2,0,9,6,4.0,Home
0,Celta Vigo,140,2023,16,2023-12-11T20:00:00+00:00,Celta Vigo,0:0,Draw,True,סיום,0,0,0,15-25,3,0,10,7,4.4,Away
0,Celta Vigo,140,2023,17,2023-12-16T13:00:00+00:00,Granada CF,1:0,Win,False,סיום,1,0,1,16-25,0,1,13,7,4.3,Home
0,Celta Vigo,140,2023,18,2023-12-20T20:30:00+00:00,Celta Vigo,3:2,Loss,False,סיום,2,3,-1,18-28,0,2,13,7,4.0,Away
0,Celta Vigo,140,2024,19,2024-01-03T18:15:00+00:00,Real Betis,2:1,Win,False,סיום,2,1,1,20-29,0,3,16,7,3.8,Home
0,Celta Vigo,140,2024,20,2024-01-13T15:15:00+00:00,Celta Vigo,1:1,Draw,True,סיום,1,1,0,21-30,1,0,17,8,4.1,Away
0,Celta Vigo,140,2024,21,2024-01-20T20:00:00+00:00,Real Sociedad,0:1,Loss,False,סיום,0,1,-1,21-31,0,1,17,8,4.0,Home
0,Celta Vigo,140,2024,22,2024-01-28T13:00:00+00:00,Girona,0:1,Loss,False,סיום,0,1,-1,21-32,0,2,17,8,3.8,Home
0,Celta Vigo,140,2024,23,2024-02-04T15:15:00+00:00,Celta Vigo,0:3,Win,False,סיום,3,0,3,24-32,0,3,20,8,3.5,Away
0,Celta Vigo,140,2024,24,2024-02-11T13:00:00+00:00,Celta Vigo,3:2,Loss,False,סיום,2,3,-1,26-35,0,4,20,8,3.4,Away
0,Celta Vigo,140,2024,25,2024-02-17T17:30:00+00:00,Barcelona,1:2,Loss,False,סיום,1,2,-1,27-37,0,5,20,8,3.3,Home
0,Celta Vigo,140,2024,26,2024-02-25T13:00:00+00:00,Celta Vigo,2:2,Draw,True,סיום,2,2,0,29-39,1,0,21,9,3.5,Away
0,Celta Vigo,140,2024,27,2024-03-01T20:00:00+00:00,Almeria,1:0,Win,False,סיום,1,0,1,30-39,0,1,24,9,3.5,Home
0,Celta Vigo,140,2024,28,2024-03-10T17:30:00+00:00,Celta Vigo,4:0,Loss,False,סיום,0,4,-4,30-43,0,2,24,9,3.2,Away
0,Celta Vigo,140,2024,29,2024-03-17T13:00:00+00:00,Celta Vigo,1:2,Win,False,סיום,2,1,1,32-44,0,3,27,9,3.2,Away
0,Celta Vigo,140,2024,30,2024-03-31T12:00:00+00:00,Rayo Vallecano,0:0,Draw,True,סיום,0,0,0,32-44,1,0,28,10,3.4,Home
0,Celta Vigo,140,2024,31,2024-04-12T19:00:00+00:00,Celta Vigo,2:1,Loss,False,סיום,1,2,-1,33-46,0,1,28,10,3.3,Away
0,Celta Vigo,140,2024,32,2024-04-20T12:00:00+00:00,Las Palmas,4:1,Win,False,סיום,4,1,3,37-47,0,2,31,10,3.2,Home
0,Celta Vigo,140,2024,33,2024-04-27T16:30:00+00:00,Celta Vigo,3:0,Loss,False,סיום,0,3,-3,37-50,0,3,31,10,3.1,Away
0,Celta Vigo,140,2024,34,2024-05-05T14:15:00+00:00,Villarreal,3:2,Win,False,סיום,3,2,1,40-52,0,4,34,10,3.0,Home
0,Celta Vigo,140,2024,35,2024-05-12T14:15:00+00:00,Celta Vigo,1:0,Loss,False,סיום,0,1,-1,40-53,0,5,34,10,2.9,Away
0,Celta Vigo,140,2024,36,2024-05-15T20:00:00+00:00,Athletic Club,2:1,Win,False,סיום,2,1,1,42-54,0,6,37,10,2.8,Home
0,Celta Vigo,140,2024,37,2024-05-19T17:00:00+00:00,Celta Vigo,1:2,Win,False,סיום,2,1,1,44-55,0,7,40,10,2.7,Away
0,Celta Vigo,140,2024,38,2024-05-26T14:15:00+00:00,Valencia,2:2,Draw,True,סיום,2,2,0,46-57,1,0,41,11,2.9,Home
0,Las Palmas,140,2023,1,2023-08-12T17:30:00+00:00,Mallorca,1:1,Draw,True,סיום,1,1,0,1-1,1,0,1,1,25.0,Home
0,Las Palmas,140,2023,2,2023-08-18T19:30:00+00:00,Las Palmas,1:0,Loss,False,סיום,0,1,-1,1-2,0,1,1,1,8.3,Away
0,Las Palmas,140,2023,3,2023-08-25T17:30:00+00:00,Real Sociedad,0:0,Draw,True,סיום,0,0,0,1-2,1,0,2,2,9.5,Home
0,Las Palmas,140,2023,4,2023-09-03T12:00:00+00:00,Las Palmas,1:0,Loss,False,סיום,0,1,-1,1-3,0,1,2,2,5.4,Away
0,Las Palmas,140,2023,5,2023-09-17T16:30:00+00:00,Las Palmas,1:0,Loss,False,סיום,0,1,-1,1-4,0,2,2,2,4.3,Away
0,Las Palmas,140,2023,6,2023-09-24T16:30:00+00:00,Granada CF,1:0,Win,False,סיום,1,0,1,2-4,0,3,5,2,3.5,Home
0,Las Palmas,140,2023,7,2023-09-27T17:00:00+00:00,Las Palmas,2:0,Loss,False,סיום,0,2,-2,2-6,0,4,5,2,3.1,Away
0,Las Palmas,140,2023,8,2023-10-02T19:00:00+00:00,Celta Vigo,2:1,Win,False,סיום,2,1,1,4-7,0,5,8,2,2.5,Home
0,Las Palmas,140,2023,9,2023-10-08T12:00:00+00:00,Las Palmas,1:2,Win,False,סיום,2,1,1,6-8,0,6,11,2,2.4,Away
0,Las Palmas,140,2023,10,2023-10-22T12:00:00+00:00,Rayo Vallecano,0:1,Loss,False,סיום,0,1,-1,6-9,0,7,11,2,2.1,Home
0,Las Palmas,140,2023,11,2023-10-28T12:00:00+00:00,Las Palmas,1:2,Win,False,סיום,2,1,1,8-10,0,8,14,2,2.0,Away
0,Las Palmas,140,2023,12,2023-11-03T20:00:00+00:00,Atletico Madrid,2:1,Win,False,סיום,2,1,1,10-11,0,9,17,2,1.8,Home
0,Las Palmas,140,2023,13,2023-11-11T17:30:00+00:00,Las Palmas,1:1,Draw,True,סיום,1,1,0,11-12,1,0,18,3,2.4,Away
0,Las Palmas,140,2023,14,2023-11-26T20:00:00+00:00,Las Palmas,1:0,Loss,False,סיום,0,1,-1,11-13,0,1,18,3,2.2,Away
0,Las Palmas,140,2023,15,2023-12-01T20:00:00+00:00,Getafe,2:0,Win,False,סיום,2,0,2,13-13,0,2,21,3,2.1,Home
0,Las Palmas,140,2023,16,2023-12-09T13:00:00+00:00,Las Palmas,0:1,Win,False,סיום,1,0,1,14-13,0,3,24,3,2.0,Away
0,Las Palmas,140,2023,17,2023-12-17T17:30:00+00:00,Cadiz,1:1,Draw,True,סיום,1,1,0,15-14,1,0,25,4,2.4,Home
0,Las Palmas,140,2023,18,2023-12-20T20:30:00+00:00,Las Palmas,1:0,Loss,False,סיום,0,1,-1,15-15,0,1,25,4,2.3,Away
0,Las Palmas,140,2024,19,2024-01-04T20:30:00+00:00,Barcelona,1:2,Loss,False,סיום,1,2,-1,16-17,0,2,25,4,2.1,Home
0,Las Palmas,140,2024,20,2024-01-13T13:00:00+00:00,Villarreal,3:0,Win,False,סיום,3,0,3,19-17,0,3,28,4,2.1,Home
0,Las Palmas,140,2024,21,2024-01-20T13:00:00+00:00,Las Palmas,0:2,Win,False,סיום,2,0,2,21-17,0,4,31,4,2.0,Away
0,Las Palmas,140,2024,22,2024-01-27T15:15:00+00:00,Real Madrid,1:2,Loss,False,סיום,1,2,-1,22-19,0,5,31,4,1.9,Home
0,Las Palmas,140,2024,23,2024-02-03T15:15:00+00:00,Las Palmas,1:1,Draw,True,סיום,1,1,0,23-20,1,0,32,5,2.2,Away
0,Las Palmas,140,2024,24,2024-02-10T20:00:00+00:00,Valencia,2:0,Win,False,סיום,2,0,2,25-20,0,1,35,5,2.1,Home
0,Las Palmas,140,2024,25,2024-02-17T13:00:00+00:00,Las Palmas,5:0,Loss,False,סיום,0,5,-5,25-25,0,2,35,5,2.1,Away
0,Las Palmas,140,2024,26,2024-02-25T17:30:00+00:00,Osasuna,1:1,Draw,True,סיום,1,1,0,26-26,1,0,36,6,2.3,Home
0,Las Palmas,140,2024,27,2024-03-02T17:30:00+00:00,Las Palmas,3:3,Draw,True,סיום,3,3,0,29-29,2,0,37,7,2.7,Away
0,Las Palmas,140,2024,28,2024-03-10T15:15:00+00:00,Athletic Club,0:2,Loss,False,סיום,0,2,-2,29-31,0,1,37,7,2.5,Home
0,Las Palmas,140,2024,29,2024-03-17T15:15:00+00:00,Almeria,0:1,Loss,False,סיום,0,1,-1,29-32,0,2,37,7,2.4,Home
0,Las Palmas,140,2024,30,2024-03-30T20:00:00+00:00,Las Palmas,1:0,Loss,False,סיום,0,1,-1,29-33,0,3,37,7,2.4,Away
0,Las Palmas,140,2024,31,2024-04-14T12:00:00+00:00,Sevilla,0:2,Loss,False,סיום,0,2,-2,29-35,0,4,37,7,2.3,Home
0,Las Palmas,140,2024,32,2024-04-20T12:00:00+00:00,Las Palmas,4:1,Loss,False,סיום,1,4,-3,30-39,0,5,37,7,2.2,Away
0,Las Palmas,140,2024,33,2024-04-27T12:00:00+00:00,Girona,0:2,Loss,False,סיום,0,2,-2,30-41,0,6,37,7,2.2,Home
0,Las Palmas,140,2024,34,2024-05-04T12:00:00+00:00,Las Palmas,2:0,Loss,False,סיום,0,2,-2,30-43,0,7,37,7,2.1,Away
0,Las Palmas,140,2024,35,2024-05-11T12:00:00+00:00,Las Palmas,1:0,Loss,False,סיום,0,1,-1,30-44,0,8,37,7,2.0,Away
0,Las Palmas,140,2024,36,2024-05-16T17:30:00+00:00,Real Betis,2:2,Draw,True,סיום,2,2,0,32-46,1,0,38,8,2.2,Home
0,Las Palmas,140,2024,37,2024-05-19T17:00:00+00:00,Las Palmas,0:0,Draw,True,סיום,0,0,0,32-46,2,0,39,9,2.4,Away
0,Las Palmas,140,2024,38,2024-05-26T14:15:00+00:00,Alaves,1:1,Draw,True,סיום,1,1,0,33-47,3,0,40,10,2.6,Home
0,Barcelona,140,2023,1,2023-08-13T19:30:00+00:00,Barcelona,0:0,Draw,True,סיום,0,0,0,0-0,1,0,1,1,12.5,Away
0,Barcelona,140,2023,2,2023-08-20T17:30:00+00:00,Cadiz,2:0,Win,False,סיום,2,0,2,2-0,0,1,4,1,5.9,Home
0,Barcelona,140,2023,3,2023-08-27T15:30:00+00:00,Barcelona,3:4,Win,False,סיום,4,3,1,6-3,0,2,7,1,3.8,Away
0,Barcelona,140,2023,4,2023-09-03T19:00:00+00:00,Barcelona,1:2,Win,False,סיום,2,1,1,8-4,0,3,10,1,2.6,Away
0,Barcelona,140,2023,5,2023-09-16T19:00:00+00:00,Real Betis,5:0,Win,False,סיום,5,0,5,13-4,0,4,13,1,2.3,Home
0,Barcelona,140,2023,6,2023-09-23T16:30:00+00:00,Celta Vigo,3:2,Win,False,סיום,3,2,1,16-6,0,5,16,1,1.9,Home
0,Barcelona,140,2023,7,2023-09-26T19:30:00+00:00,Barcelona,2:2,Draw,True,סיום,2,2,0,18-8,1,0,17,2,3.3,Away
0,Barcelona,140,2023,8,2023-09-29T19:00:00+00:00,Sevilla,1:0,Win,False,סיום,1,0,1,19-8,0,1,20,2,2.9,Home
0,Barcelona,140,2023,9,2023-10-08T19:00:00+00:00,Barcelona,2:2,Draw,True,סיום,2,2,0,21-10,1,0,21,3,3.4,Away
0,Barcelona,140,2023,10,2023-10-22T19:00:00+00:00,Athletic Club,1:0,Win,False,סיום,1,0,1,22-10,0,1,24,3,3.1,Home
0,Barcelona,140,2023,11,2023-10-28T14:15:00+00:00,Real Madrid,1:2,Loss,False,סיום,1,2,-1,23-12,0,2,24,3,2.9,Home
0,Barcelona,140,2023,12,2023-11-04T20:00:00+00:00,Barcelona,0:1,Win,False,סיום,1,0,1,24-12,0,3,27,3,2.6,Away
0,Barcelona,140,2023,13,2023-11-12T15:15:00+00:00,Alaves,2:1,Win,False,סיום,2,1,1,26-13,0,4,30,3,2.4,Home
0,Barcelona,140,2023,14,2023-11-25T13:00:00+00:00,Barcelona,1:1,Draw,True,סיום,1,1,0,27-14,1,0,31,4,3.1,Away
0,Barcelona,140,2023,15,2023-12-03T20:00:00+00:00,Atletico Madrid,1:0,Win,False,סיום,1,0,1,28-14,0,1,34,4,2.7,Home
0,Barcelona,140,2023,16,2023-12-10T20:00:00+00:00,Girona,2:4,Loss,False,סיום,2,4,-2,30-18,0,2,34,4,2.5,Home
0,Barcelona,140,2023,17,2023-12-16T20:00:00+00:00,Barcelona,1:1,Draw,True,סיום,1,1,0,31-19,1,0,35,5,3.0,Away
0,Barcelona,140,2023,18,2023-12-20T18:00:00+00:00,Almeria,3:2,Win,False,סיום,3,2,1,34-21,0,1,38,5,2.9,Home
0,Barcelona,140,2024,19,2024-01-04T20:30:00+00:00,Barcelona,1:2,Win,False,סיום,2,1,1,36-22,0,2,41,5,2.6,Away
0,Barcelona,140,2024,20,2024-01-31T18:00:00+00:00,Osasuna,1:0,Win,False,סיום,1,0,1,37-22,0,3,44,5,2.3,Home
0,Barcelona,140,2024,21,2024-01-21T17:30:00+00:00,Barcelona,2:4,Win,False,סיום,4,2,2,41-24,0,4,47,5,2.4,Away
0,Barcelona,140,2024,22,2024-01-27T17:30:00+00:00,Villarreal,3:5,Loss,False,סיום,3,5,-2,44-29,0,5,47,5,2.4,Home
0,Barcelona,140,2024,23,2024-02-03T17:30:00+00:00,Barcelona,1:3,Win,False,סיום,3,1,2,47-30,0,6,50,5,2.2,Away
0,Barcelona,140,2024,24,2024-02-11T20:00:00+00:00,Granada CF,3:3,Draw,True,סיום,3,3,0,50-33,1,0,51,6,2.5,Home
0,Barcelona,140,2024,25,2024-02-17T17:30:00+00:00,Barcelona,1:2,Win,False,סיום,2,1,1,52-34,0,1,54,6,2.5,Away
0,Barcelona,140,2024,26,2024-02-24T15:15:00+00:00,Getafe,4:0,Win,False,סיום,4,0,4,56-34,0,2,57,6,2.4,Home
0,Barcelona,140,2024,27,2024-03-03T20:00:00+00:00,Barcelona,0:0,Draw,True,סיום,0,0,0,56-34,1,0,58,7,2.6,Away
0,Barcelona,140,2024,28,2024-03-08T20:00:00+00:00,Mallorca,1:0,Win,False,סיום,1,0,1,57-34,0,1,61,7,2.6,Home
0,Barcelona,140,2024,29,2024-03-17T20:00:00+00:00,Barcelona,0:3,Win,False,סיום,3,0,3,60-34,0,2,64,7,2.4,Away
0,Barcelona,140,2024,30,2024-03-30T20:00:00+00:00,Las Palmas,1:0,Win,False,סיום,1,0,1,61-34,0,3,67,7,2.4,Home
0,Barcelona,140,2024,31,2024-04-13T19:00:00+00:00,Barcelona,0:1,Win,False,סיום,1,0,1,62-34,0,4,70,7,2.3,Away
0,Barcelona,140,2024,32,2024-04-21T19:00:00+00:00,Barcelona,3:2,Loss,False,סיום,2,3,-1,64-37,0,5,70,7,2.2,Away
0,Barcelona,140,2024,33,2024-04-29T19:00:00+00:00,Valencia,4:2,Win,False,סיום,4,2,2,68-39,0,6,73,7,2.1,Home
0,Barcelona,140,2024,34,2024-05-04T16:30:00+00:00,Barcelona,4:2,Loss,False,סיום,2,4,-2,70-43,0,7,73,7,2.1,Away
0,Barcelona,140,2024,35,2024-05-13T19:00:00+00:00,Real Sociedad,2:0,Win,False,סיום,2,0,2,72-43,0,8,76,7,2.0,Home
0,Barcelona,140,2024,36,2024-05-16T19:30:00+00:00,Barcelona,0:2,Win,False,סיום,2,0,2,74-43,0,9,79,7,1.9,Away
0,Barcelona,140,2024,37,2024-05-19T17:00:00+00:00,Rayo Vallecano,3:0,Win,False,סיום,3,0,3,77-43,0,10,82,7,1.9,Home
0,Barcelona,140,2024,38,2024-05-26T19:00:00+00:00,Barcelona,1:2,Win,False,סיום,2,1,1,79-44,0,11,85,7,1.8,Away
0,Girona,140,2023,1,2023-08-12T15:00:00+00:00,Girona,1:1,Draw,True,סיום,1,1,0,1-1,1,0,1,1,33.3,Away
0,Girona,140,2023,2,2023-08-20T17:00:00+00:00,Getafe,3:0,Win,False,סיום,3,0,3,4-1,0,1,4,1,6.2,Home
0,Girona,140,2023,3,2023-08-26T19:30:00+00:00,Girona,1:2,Win,False,סיום,2,1,1,6-2,0,2,7,1,4.0,Away
0,Girona,140,2023,4,2023-09-03T12:00:00+00:00,Las Palmas,1:0,Win,False,סיום,1,0,1,7-2,0,3,10,1,2.7,Home
0,Girona,140,2023,5,2023-09-18T19:00:00+00:00,Girona,2:4,Win,False,סיום,4,2,2,11-4,0,4,13,1,2.0,Away
0,Girona,140,2023,6,2023-09-23T12:00:00+00:00,Mallorca,5:3,Win,False,סיום,5,3,2,16-7,0,5,16,1,2.0,Home
0,Girona,140,2023,7,2023-09-27T17:00:00+00:00,Girona,1:2,Win,False,סיום,2,1,1,18-8,0,6,19,1,1.6,Away
0,Girona,140,2023,8,2023-09-30T16:30:00+00:00,Real Madrid,0:3,Loss,False,סיום,0,3,-3,18-11,0,7,19,1,1.4,Home
0,Girona,140,2023,9,2023-10-07T12:00:00+00:00,Girona,0:1,Win,False,סיום,1,0,1,19-11,0,8,22,1,1.2,Away
0,Girona,140,2023,10,2023-10-22T14:15:00+00:00,Almeria,5:2,Win,False,סיום,5,2,3,24-13,0,9,25,1,1.0,Home
0,Girona,140,2023,11,2023-10-27T19:00:00+00:00,Celta Vigo,1:0,Win,False,סיום,1,0,1,25-13,0,10,28,1,1.0,Home
0,Girona,140,2023,12,2023-11-04T13:00:00+00:00,Girona,2:4,Win,False,סיום,4,2,2,29-15,0,11,31,1,0.9,Away
0,Girona,140,2023,13,2023-11-11T13:00:00+00:00,Girona,1:2,Win,False,סיום,2,1,1,31-16,0,12,34,1,0.8,Away
0,Girona,140,2023,14,2023-11-27T20:00:00+00:00,Athletic Club,1:1,Draw,True,סיום,1,1,0,32-17,1,0,35,2,1.4,Home
0,Girona,140,2023,15,2023-12-02T13:00:00+00:00,Valencia,2:1,Win,False,סיום,2,1,1,34-18,0,1,38,2,1.4,Home
0,Girona,140,2023,16,2023-12-10T20:00:00+00:00,Girona,2:4,Win,False,סיום,4,2,2,38-20,0,2,41,2,1.3,Away
0,Girona,140,2023,17,2023-12-18T20:00:00+00:00,Alaves,3:0,Win,False,סיום,3,0,3,41-20,0,3,44,2,1.2,Home
0,Girona,140,2023,18,2023-12-21T18:00:00+00:00,Girona,1:1,Draw,True,סיום,1,1,0,42-21,1,0,45,3,1.7,Away
0,Girona,140,2024,19,2024-01-03T20:30:00+00:00,Atletico Madrid,4:3,Win,False,סיום,4,3,1,46-24,0,1,48,3,1.6,Home
0,Girona,140,2024,20,2024-01-14T13:00:00+00:00,Girona,0:0,Draw,True,סיום,0,0,0,46-24,1,0,49,4,2.0,Away
0,Girona,140,2024,21,2024-01-21T20:00:00+00:00,Sevilla,5:1,Win,False,סיום,5,1,4,51-25,0,1,52,4,1.9,Home
0,Girona,140,2024,22,2024-01-28T13:00:00+00:00,Girona,0:1,Win,False,סיום,1,0,1,52-25,0,2,55,4,1.9,Away
0,Girona,140,2024,23,2024-02-03T20:00:00+00:00,Real Sociedad,0:0,Draw,True,סיום,0,0,0,52-25,1,0,56,5,2.2,Home
0,Girona,140,2024,24,2024-02-10T17:30:00+00:00,Girona,4:0,Loss,False,סיום,0,4,-4,52-29,0,1,56,5,2.1,Away
0,Girona,140,2024,25,2024-02-19T20:00:00+00:00,Girona,3:2,Loss,False,סיום,2,3,-1,54-32,0,2,56,5,2.0,Away
0,Girona,140,2024,26,2024-02-26T20:00:00+00:00,Rayo Vallecano,3:0,Win,False,סיום,3,0,3,57-32,0,3,59,5,1.9,Home
0,Girona,140,2024,27,2024-03-03T17:30:00+00:00,Girona,1:0,Loss,False,סיום,0,1,-1,57-33,0,4,59,5,1.9,Away
0,Girona,140,2024,28,2024-03-09T20:00:00+00:00,Osasuna,2:0,Win,False,סיום,2,0,2,59-33,0,5,62,5,1.8,Home
0,Girona,140,2024,29,2024-03-16T17:30:00+00:00,Girona,1:0,Loss,False,סיום,0,1,-1,59-34,0,6,62,5,1.8,Away
0,Girona,140,2024,30,2024-03-31T14:15:00+00:00,Real Betis,3:2,Win,False,סיום,3,2,1,62-36,0,7,65,5,1.7,Home
0,Girona,140,2024,31,2024-04-13T12:00:00+00:00,Girona,3:1,Loss,False,סיום,1,3,-2,63-39,0,8,65,5,1.7,Away
0,Girona,140,2024,32,2024-04-20T19:00:00+00:00,Cadiz,4:1,Win,False,סיום,4,1,3,67-40,0,9,68,5,1.6,Home
0,Girona,140,2024,33,2024-04-27T12:00:00+00:00,Girona,0:2,Win,False,סיום,2,0,2,69-40,0,10,71,5,1.6,Away
0,Girona,140,2024,34,2024-05-04T16:30:00+00:00,Barcelona,4:2,Win,False,סיום,4,2,2,73-42,0,11,74,5,1.5,Home
0,Girona,140,2024,35,2024-05-10T19:00:00+00:00,Girona,2:2,Draw,True,סיום,2,2,0,75-44,1,0,75,6,1.8,Away
0,Girona,140,2024,36,2024-05-14T20:00:00+00:00,Villarreal,0:1,Loss,False,סיום,0,1,-1,75-45,0,1,75,6,1.7,Home
0,Girona,140,2024,37,2024-05-19T17:00:00+00:00,Girona,1:3,Win,False,סיום,3,1,2,78-46,0,2,78,6,1.6,Away
0,Girona,140,2024,38,2024-05-24T19:00:00+00:00,Granada CF,7:0,Win,False,סיום,7,0,7,85-46,0,3,81,6,1.6,Home
0,Almeria,140,2023,1,2023-08-11T17:30:00+00:00,Rayo Vallecano,0:2,Loss,False,סיום,0,2,-2,0-2,0,1,0,0,0.0,Home
0,Almeria,140,2023,2,2023-08-19T17:30:00+00:00,Real Madrid,1:3,Loss,False,סיום,1,3,-2,1-5,0,2,0,0,0.0,Home
0,Almeria,140,2023,3,2023-08-26T17:00:00+00:00,Almeria,1:1,Draw,True,סיום,1,1,0,2-6,1,0,1,1,4.3,Away
0,Almeria,140,2023,4,2023-09-01T20:00:00+00:00,Celta Vigo,2:3,Loss,False,סיום,2,3,-1,4-9,0,1,1,1,3.1,Home
0,Almeria,140,2023,5,2023-09-17T14:15:00+00:00,Almeria,2:1,Loss,False,סיום,1,2,-1,5-11,0,2,1,1,2.2,Away
0,Almeria,140,2023,6,2023-09-23T19:00:00+00:00,Valencia,2:2,Draw,True,סיום,2,2,0,7-13,1,0,2,2,3.7,Home
0,Almeria,140,2023,7,2023-09-26T17:00:00+00:00,Almeria,5:1,Loss,False,סיום,1,5,-4,8-18,0,1,2,2,3.3,Away
0,Almeria,140,2023,8,2023-10-01T12:00:00+00:00,Granada CF,3:3,Draw,True,סיום,3,3,0,11-21,1,0,3,3,4.0,Home
0,Almeria,140,2023,9,2023-10-06T19:00:00+00:00,Almeria,3:0,Loss,False,סיום,0,3,-3,11-24,0,1,3,3,3.8,Away
0,Almeria,140,2023,10,2023-10-22T14:15:00+00:00,Almeria,5:2,Loss,False,סיום,2,5,-3,13-29,0,2,3,3,3.1,Away
0,Almeria,140,2023,11,2023-10-28T12:00:00+00:00,Las Palmas,1:2,Loss,False,סיום,1,2,-1,14-31,0,3,3,3,3.0,Home
0,Almeria,140,2023,12,2023-11-05T13:00:00+00:00,Almeria,1:0,Loss,False,סיום,0,1,-1,14-32,0,4,3,3,2.6,Away
0,Almeria,140,2023,13,2023-11-11T15:15:00+00:00,Real Sociedad,1:3,Loss,False,סיום,1,3,-2,15-35,0,5,3,3,2.5,Home
0,Almeria,140,2023,14,2023-11-25T17:30:00+00:00,Almeria,2:1,Loss,False,סיום,1,2,-1,16-37,0,6,3,3,2.3,Away
0,Almeria,140,2023,15,2023-12-03T15:15:00+00:00,Real Betis,0:0,Draw,True,סיום,0,0,0,16-37,1,0,4,4,2.7,Home
0,Almeria,140,2023,16,2023-12-10T13:00:00+00:00,Almeria,2:1,Loss,False,סיום,1,2,-1,17-39,0,1,4,4,2.6,Away
0,Almeria,140,2023,17,2023-12-17T13:00:00+00:00,Mallorca,0:0,Draw,True,סיום,0,0,0,17-39,1,0,5,5,3.0,Home
0,Almeria,140,2023,18,2023-12-20T18:00:00+00:00,Almeria,3:2,Loss,False,סיום,2,3,-1,19-42,0,1,5,5,2.9,Away
0,Almeria,140,2024,19,2024-01-04T16:00:00+00:00,Almeria,1:0,Loss,False,סיום,0,1,-1,19-43,0,2,5,5,2.7,Away
0,Almeria,140,2024,20,2024-01-14T13:00:00+00:00,Girona,0:0,Draw,True,סיום,0,0,0,19-43,1,0,6,6,3.1,Home
0,Almeria,140,2024,21,2024-01-21T15:15:00+00:00,Almeria,3:2,Loss,False,סיום,2,3,-1,21-46,0,1,6,6,2.9,Away
0,Almeria,140,2024,22,2024-01-26T20:00:00+00:00,Alaves,0:3,Loss,False,סיום,0,3,-3,21-49,0,2,6,6,2.9,Home
0,Almeria,140,2024,23,2024-02-03T13:00:00+00:00,Almeria,2:1,Loss,False,סיום,1,2,-1,22-51,0,3,6,6,2.7,Away
0,Almeria,140,2024,24,2024-02-12T20:00:00+00:00,Athletic Club,0:0,Draw,True,סיום,0,0,0,22-51,1,0,7,7,2.9,Home
0,Almeria,140,2024,25,2024-02-18T15:15:00+00:00,Almeria,1:1,Draw,True,סיום,1,1,0,23-52,2,0,8,8,3.2,Away
0,Almeria,140,2024,26,2024-02-24T20:00:00+00:00,Atletico Madrid,2:2,Draw,True,סיום,2,2,0,25-54,3,0,9,9,3.5,Home
0,Almeria,140,2024,27,2024-03-01T20:00:00+00:00,Almeria,1:0,Loss,False,סיום,0,1,-1,25-55,0,1,9,9,3.5,Away
0,Almeria,140,2024,28,2024-03-11T20:00:00+00:00,Sevilla,2:2,Draw,True,סיום,2,2,0,27-57,1,0,10,10,3.6,Home
0,Almeria,140,2024,29,2024-03-17T15:15:00+00:00,Almeria,0:1,Win,False,סיום,1,0,1,28-57,0,1,13,10,3.5,Away
0,Almeria,140,2024,30,2024-03-30T15:15:00+00:00,Osasuna,0:3,Loss,False,סיום,0,3,-3,28-60,0,2,13,10,3.4,Home
0,Almeria,140,2024,31,2024-04-14T19:00:00+00:00,Almeria,2:2,Draw,True,סיום,2,2,0,30-62,1,0,14,11,3.6,Away
0,Almeria,140,2024,32,2024-04-21T14:15:00+00:00,Villarreal,1:2,Loss,False,סיום,1,2,-1,31-64,0,1,14,11,3.5,Home
0,Almeria,140,2024,33,2024-04-27T14:15:00+00:00,Getafe,1:3,Loss,False,סיום,1,3,-2,32-67,0,2,14,11,3.4,Home
0,Almeria,140,2024,34,2024-05-05T19:00:00+00:00,Almeria,0:1,Win,False,סיום,1,0,1,33-67,0,3,17,11,3.2,Away
0,Almeria,140,2024,35,2024-05-12T19:00:00+00:00,Almeria,3:2,Loss,False,סיום,2,3,-1,35-70,0,4,17,11,3.2,Away
0,Almeria,140,2024,36,2024-05-16T19:30:00+00:00,Barcelona,0:2,Loss,False,סיום,0,2,-2,35-72,0,5,17,11,3.1,Home
0,Almeria,140,2024,37,2024-05-19T17:00:00+00:00,Almeria,2:2,Draw,True,סיום,2,2,0,37-74,1,0,18,12,3.2,Away
0,Almeria,140,2024,38,2024-05-25T16:30:00+00:00,Cadiz,6:1,Win,False,סיום,6,1,5,43-75,0,1,21,12,3.2,Home
0,Real Madrid,140,2023,1,2023-08-12T19:30:00+00:00,Real Madrid,0:2,Win,False,סיום,2,0,2,2-0,0,1,3,0,0.0,Away
0,Real Madrid,140,2023,2,2023-08-19T17:30:00+00:00,Real Madrid,1:3,Win,False,סיום,3,1,2,5-1,0,2,6,0,0.0,Away
0,Real Madrid,140,2023,3,2023-08-25T19:30:00+00:00,Real Madrid,0:1,Win,False,סיום,1,0,1,6-1,0,3,9,0,0.0,Away
0,Real Madrid,140,2023,4,2023-09-02T14:15:00+00:00,Getafe,2:1,Win,False,סיום,2,1,1,8-2,0,4,12,0,0.0,Home
0,Real Madrid,140,2023,5,2023-09-17T19:00:00+00:00,Real Sociedad,2:1,Win,False,סיום,2,1,1,10-3,0,5,15,0,0.0,Home
0,Real Madrid,140,2023,6,2023-09-24T19:00:00+00:00,Real Madrid,3:1,Loss,False,סיום,1,3,-2,11-6,0,6,15,0,0.0,Away
0,Real Madrid,140,2023,7,2023-09-27T17:00:00+00:00,Las Palmas,2:0,Win,False,סיום,2,0,2,13-6,0,7,18,0,0.0,Home
0,Real Madrid,140,2023,8,2023-09-30T16:30:00+00:00,Real Madrid,0:3,Win,False,סיום,3,0,3,16-6,0,8,21,0,0.0,Away
0,Real Madrid,140,2023,9,2023-10-07T14:15:00+00:00,Osasuna,4:0,Win,False,סיום,4,0,4,20-6,0,9,24,0,0.0,Home
0,Real Madrid,140,2023,10,2023-10-21T16:30:00+00:00,Real Madrid,1:1,Draw,True,סיום,1,1,0,21-7,1,0,25,1,1.1,Away
0,Real Madrid,140,2023,11,2023-10-28T14:15:00+00:00,Real Madrid,1:2,Win,False,סיום,2,1,1,23-8,0,1,28,1,1.0,Away
0,Real Madrid,140,2023,12,2023-11-05T20:00:00+00:00,Rayo Vallecano,0:0,Draw,True,סיום,0,0,0,23-8,1,0,29,2,1.7,Home
0,Real Madrid,140,2023,13,2023-11-11T20:00:00+00:00,Valencia,5:1,Win,False,סיום,5,1,4,28-9,0,1,32,2,1.6,Home
0,Real Madrid,140,2023,14,2023-11-26T17:30:00+00:00,Real Madrid,0:3,Win,False,סיום,3,0,3,31-9,0,2,35,2,1.5,Away
0,Real Madrid,140,2023,15,2023-12-02T17:30:00+00:00,Granada CF,2:0,Win,False,סיום,2,0,2,33-9,0,3,38,2,1.4,Home
0,Real Madrid,140,2023,16,2023-12-09T15:15:00+00:00,Real Madrid,1:1,Draw,True,סיום,1,1,0,34-10,1,0,39,3,2.0,Away
0,Real Madrid,140,2023,17,2023-12-17T20:00:00+00:00,Villarreal,4:1,Win,False,סיום,4,1,3,38-11,0,1,42,3,1.8,Home
0,Real Madrid,140,2023,18,2023-12-21T20:30:00+00:00,Real Madrid,0:1,Win,False,סיום,1,0,1,39-11,0,2,45,3,1.7,Away
0,Real Madrid,140,2024,19,2024-01-03T18:15:00+00:00,Mallorca,1:0,Win,False,סיום,1,0,1,40-11,0,3,48,3,1.6,Home
0,Real Madrid,140,2024,20,2024-02-01T20:00:00+00:00,Real Madrid,0:2,Win,False,סיום,2,0,2,42-11,0,4,51,3,1.4,Away
0,Real Madrid,140,2024,21,2024-01-21T15:15:00+00:00,Almeria,3:2,Win,False,סיום,3,2,1,45-13,0,5,54,3,1.5,Home
0,Real Madrid,140,2024,22,2024-01-27T15:15:00+00:00,Real Madrid,1:2,Win,False,סיום,2,1,1,47-14,0,6,57,3,1.4,Away
0,Real Madrid,140,2024,23,2024-02-04T20:00:00+00:00,Atletico Madrid,1:1,Draw,True,סיום,1,1,0,48-15,1,0,58,4,1.7,Home
0,Real Madrid,140,2024,24,2024-02-10T17:30:00+00:00,Girona,4:0,Win,False,סיום,4,0,4,52-15,0,1,61,4,1.7,Home
0,Real Madrid,140,2024,25,2024-02-18T13:00:00+00:00,Real Madrid,1:1,Draw,True,סיום,1,1,0,53-16,1,0,62,5,2.0,Away
0,Real Madrid,140,2024,26,2024-02-25T20:00:00+00:00,Sevilla,1:0,Win,False,סיום,1,0,1,54-16,0,1,65,5,1.9,Home
0,Real Madrid,140,2024,27,2024-03-02T20:00:00+00:00,Real Madrid,2:2,Draw,True,סיום,2,2,0,56-18,1,0,66,6,2.3,Away
0,Real Madrid,140,2024,28,2024-03-10T17:30:00+00:00,Celta Vigo,4:0,Win,False,סיום,4,0,4,60-18,0,1,69,6,2.2,Home
0,Real Madrid,140,2024,29,2024-03-16T15:15:00+00:00,Real Madrid,2:4,Win,False,סיום,4,2,2,64-20,0,2,72,6,2.1,Away
0,Real Madrid,140,2024,30,2024-03-31T19:00:00+00:00,Athletic Club,2:0,Win,False,סיום,2,0,2,66-20,0,3,75,6,2.0,Home
0,Real Madrid,140,2024,31,2024-04-13T16:30:00+00:00,Real Madrid,0:1,Win,False,סיום,1,0,1,67-20,0,4,78,6,2.0,Away
0,Real Madrid,140,2024,32,2024-04-21T19:00:00+00:00,Barcelona,3:2,Win,False,סיום,3,2,1,70-22,0,5,81,6,1.9,Home
0,Real Madrid,140,2024,33,2024-04-26T19:00:00+00:00,Real Madrid,0:1,Win,False,סיום,1,0,1,71-22,0,6,84,6,1.9,Away
0,Real Madrid,140,2024,34,2024-05-04T14:15:00+00:00,Cadiz,3:0,Win,False,סיום,3,0,3,74-22,0,7,87,6,1.8,Home
0,Real Madrid,140,2024,35,2024-05-11T16:30:00+00:00,Real Madrid,0:4,Win,False,סיום,4,0,4,78-22,0,8,90,6,1.7,Away
0,Real Madrid,140,2024,36,2024-05-14T19:30:00+00:00,Alaves,5:0,Win,False,סיום,5,0,5,83-22,0,9,93,6,1.7,Home
0,Real Madrid,140,2024,37,2024-05-19T17:00:00+00:00,Real Madrid,4:4,Draw,True,סיום,4,4,0,87-26,1,0,94,7,1.9,Away
0,Real Madrid,140,2024,38,2024-05-25T19:00:00+00:00,Real Betis,0:0,Draw,True,סיום,0,0,0,87-26,2,0,95,8,2.1,Home
0,Alaves,140,2023,1,2023-08-14T17:30:00+00:00,Alaves,1:0,Loss,False,סיום,0,1,-1,0-1,0,1,0,0,0.0,Away
0,Alaves,140,2023,2,2023-08-21T17:00:00+00:00,Sevilla,4:3,Win,False,סיום,4,3,1,4-4,0,2,3,0,0.0,Home
0,Alaves,140,2023,3,2023-08-28T17:30:00+00:00,Alaves,1:0,Loss,False,סיום,0,1,-1,4-5,0,3,3,0,0.0,Away
0,Alaves,140,2023,4,2023-09-02T16:30:00+00:00,Valencia,1:0,Win,False,סיום,1,0,1,5-5,0,4,6,0,0.0,Home
0,Alaves,140,2023,5,2023-09-15T19:00:00+00:00,Alaves,2:0,Loss,False,סיום,0,2,-2,5-7,0,5,6,0,0.0,Away
0,Alaves,140,2023,6,2023-09-22T19:00:00+00:00,Athletic Club,0:2,Loss,False,סיום,0,2,-2,5-9,0,6,6,0,0.0,Home
0,Alaves,140,2023,7,2023-09-28T17:00:00+00:00,Alaves,1:1,Draw,True,סיום,1,1,0,6-10,1,0,7,1,1.5,Away
0,Alaves,140,2023,8,2023-10-01T14:15:00+00:00,Osasuna,0:2,Loss,False,סיום,0,2,-2,6-12,0,1,7,1,1.3,Home
0,Alaves,140,2023,9,2023-10-08T16:30:00+00:00,Real Betis,1:1,Draw,True,סיום,1,1,0,7-13,1,0,8,2,2.3,Home
0,Alaves,140,2023,10,2023-10-22T16:30:00+00:00,Alaves,1:1,Draw,True,סיום,1,1,0,8-14,2,0,9,3,3.1,Away
0,Alaves,140,2023,11,2023-10-29T20:00:00+00:00,Alaves,2:1,Loss,False,סיום,1,2,-1,9-16,0,1,9,3,2.8,Away
0,Alaves,140,2023,12,2023-11-05T13:00:00+00:00,Almeria,1:0,Win,False,סיום,1,0,1,10-16,0,2,12,3,2.6,Home
0,Alaves,140,2023,13,2023-11-12T15:15:00+00:00,Alaves,2:1,Loss,False,סיום,1,2,-1,11-18,0,3,12,3,2.4,Away
0,Alaves,140,2023,14,2023-11-24T20:00:00+00:00,Granada CF,3:1,Win,False,סיום,3,1,2,14-19,0,4,15,3,2.3,Home
0,Alaves,140,2023,15,2023-12-03T13:00:00+00:00,Alaves,0:0,Draw,True,סיום,0,0,0,14-19,1,0,16,4,2.8,Away
0,Alaves,140,2023,16,2023-12-09T13:00:00+00:00,Las Palmas,0:1,Loss,False,סיום,0,1,-1,14-20,0,1,16,4,2.6,Home
0,Alaves,140,2023,17,2023-12-18T20:00:00+00:00,Alaves,3:0,Loss,False,סיום,0,3,-3,14-23,0,2,16,4,2.4,Away
0,Alaves,140,2023,18,2023-12-21T20:30:00+00:00,Real Madrid,0:1,Loss,False,סיום,0,1,-1,14-24,0,3,16,4,2.2,Home
0,Alaves,140,2024,19,2024-01-02T18:15:00+00:00,Alaves,1:1,Draw,True,סיום,1,1,0,15-25,1,0,17,5,2.7,Away
0,Alaves,140,2024,20,2024-01-12T20:00:00+00:00,Alaves,2:3,Win,False,סיום,3,2,1,18-27,0,1,20,5,2.6,Away
0,Alaves,140,2024,21,2024-01-19T20:00:00+00:00,Cadiz,1:0,Win,False,סיום,1,0,1,19-27,0,2,23,5,2.5,Home
0,Alaves,140,2024,22,2024-01-26T20:00:00+00:00,Alaves,0:3,Win,False,סיום,3,0,3,22-27,0,3,26,5,2.4,Away
0,Alaves,140,2024,23,2024-02-03T17:30:00+00:00,Barcelona,1:3,Loss,False,סיום,1,3,-2,23-30,0,4,26,5,2.2,Home
0,Alaves,140,2024,24,2024-02-10T13:00:00+00:00,Villarreal,1:1,Draw,True,סיום,1,1,0,24-31,1,0,27,6,2.6,Home
0,Alaves,140,2024,25,2024-02-18T20:00:00+00:00,Alaves,0:0,Draw,True,סיום,0,0,0,24-31,2,0,28,7,2.8,Away
0,Alaves,140,2024,26,2024-02-24T17:30:00+00:00,Mallorca,1:1,Draw,True,סיום,1,1,0,25-32,3,0,29,8,3.2,Home
0,Alaves,140,2024,27,2024-03-04T20:00:00+00:00,Alaves,1:0,Loss,False,סיום,0,1,-1,25-33,0,1,29,8,3.0,Away
0,Alaves,140,2024,28,2024-03-10T13:00:00+00:00,Rayo Vallecano,1:0,Win,False,סיום,1,0,1,26-33,0,2,32,8,2.9,Home
0,Alaves,140,2024,29,2024-03-16T20:00:00+00:00,Alaves,2:0,Loss,False,סיום,0,2,-2,26-35,0,3,32,8,2.8,Away
0,Alaves,140,2024,30,2024-03-31T16:30:00+00:00,Real Sociedad,0:1,Loss,False,סיום,0,1,-1,26-36,0,4,32,8,2.7,Home
0,Alaves,140,2024,31,2024-04-14T14:15:00+00:00,Alaves,2:0,Loss,False,סיום,0,2,-2,26-38,0,5,32,8,2.6,Away
0,Alaves,140,2024,32,2024-04-21T16:30:00+00:00,Atletico Madrid,2:0,Win,False,סיום,2,0,2,28-38,0,6,35,8,2.5,Home
0,Alaves,140,2024,33,2024-04-27T16:30:00+00:00,Celta Vigo,3:0,Win,False,סיום,3,0,3,31-38,0,7,38,8,2.5,Home
0,Alaves,140,2024,34,2024-05-05T16:30:00+00:00,Alaves,0:1,Win,False,סיום,1,0,1,32-38,0,8,41,8,2.4,Away
0,Alaves,140,2024,35,2024-05-10T19:00:00+00:00,Girona,2:2,Draw,True,סיום,2,2,0,34-40,1,0,42,9,2.6,Home
0,Alaves,140,2024,36,2024-05-14T19:30:00+00:00,Alaves,5:0,Loss,False,סיום,0,5,-5,34-45,0,1,42,9,2.6,Away
0,Alaves,140,2024,37,2024-05-18T19:00:00+00:00,Getafe,1:0,Win,False,סיום,1,0,1,35-45,0,2,45,9,2.5,Home
0,Alaves,140,2024,38,2024-05-26T14:15:00+00:00,Alaves,1:1,Draw,True,סיום,1,1,0,36-46,1,0,46,10,2.6,Away
0,Real Sociedad,140,2023,1,2023-08-12T15:00:00+00:00,Girona,1:1,Draw,True,סיום,1,1,0,1-1,1,0,1,1,33.3,Home
0,Real Sociedad,140,2023,2,2023-08-19T15:00:00+00:00,Celta Vigo,1:1,Draw,True,סיום,1,1,0,2-2,2,0,2,2,15.4,Home
0,Real Sociedad,140,2023,3,2023-08-25T17:30:00+00:00,Real Sociedad,0:0,Draw,True,סיום,0,0,0,2-2,3,0,3,3,14.3,Away
0,Real Sociedad,140,2023,4,2023-09-02T12:00:00+00:00,Granada CF,5:3,Win,False,סיום,5,3,2,7-5,0,1,6,3,9.1,Home
0,Real Sociedad,140,2023,5,2023-09-17T19:00:00+00:00,Real Sociedad,2:1,Loss,False,סיום,1,2,-1,8-7,0,2,6,3,6.2,Away
0,Real Sociedad,140,2023,6,2023-09-24T12:00:00+00:00,Getafe,4:3,Win,False,סיום,4,3,1,12-10,0,3,9,3,5.5,Home
0,Real Sociedad,140,2023,7,2023-09-27T19:30:00+00:00,Real Sociedad,0:1,Win,False,סיום,1,0,1,13-10,0,4,12,3,4.6,Away
0,Real Sociedad,140,2023,8,2023-09-30T19:00:00+00:00,Athletic Club,3:0,Win,False,סיום,3,0,3,16-10,0,5,15,3,4.1,Home
0,Real Sociedad,140,2023,9,2023-10-08T14:15:00+00:00,Real Sociedad,2:1,Loss,False,סיום,1,2,-1,17-12,0,6,15,3,3.5,Away
0,Real Sociedad,140,2023,10,2023-10-21T12:00:00+00:00,Mallorca,1:0,Win,False,סיום,1,0,1,18-12,0,7,18,3,3.3,Home
0,Real Sociedad,140,2023,11,2023-10-29T15:15:00+00:00,Real Sociedad,2:2,Draw,True,סיום,2,2,0,20-14,1,0,19,4,3.8,Away
0,Real Sociedad,140,2023,12,2023-11-04T20:00:00+00:00,Barcelona,0:1,Loss,False,סיום,0,1,-1,20-15,0,1,19,4,3.5,Home
0,Real Sociedad,140,2023,13,2023-11-11T15:15:00+00:00,Real Sociedad,1:3,Win,False,סיום,3,1,2,23-16,0,2,22,4,3.3,Away
0,Real Sociedad,140,2023,14,2023-11-26T15:15:00+00:00,Sevilla,2:1,Win,False,סיום,2,1,1,25-17,0,3,25,4,3.0,Home
0,Real Sociedad,140,2023,15,2023-12-02T20:00:00+00:00,Real Sociedad,1:1,Draw,True,סיום,1,1,0,26-18,1,0,26,5,3.5,Away
0,Real Sociedad,140,2023,16,2023-12-09T17:30:00+00:00,Real Sociedad,0:3,Win,False,סיום,3,0,3,29-18,0,1,29,5,3.3,Away
0,Real Sociedad,140,2023,17,2023-12-17T15:15:00+00:00,Real Betis,0:0,Draw,True,סיום,0,0,0,29-18,1,0,30,6,3.6,Home
0,Real Sociedad,140,2023,18,2023-12-21T18:00:00+00:00,Real Sociedad,0:0,Draw,True,סיום,0,0,0,29-18,2,0,31,7,4.0,Away
0,Real Sociedad,140,2024,19,2024-01-02T18:15:00+00:00,Alaves,1:1,Draw,True,סיום,1,1,0,30-19,3,0,32,8,4.4,Home
0,Real Sociedad,140,2024,20,2024-01-13T17:30:00+00:00,Real Sociedad,2:1,Loss,False,סיום,1,2,-1,31-21,0,1,32,8,4.1,Away
0,Real Sociedad,140,2024,21,2024-01-20T20:00:00+00:00,Real Sociedad,0:1,Win,False,סיום,1,0,1,32-21,0,2,35,8,4.0,Away
0,Real Sociedad,140,2024,22,2024-01-27T13:00:00+00:00,Rayo Vallecano,0:0,Draw,True,סיום,0,0,0,32-21,1,0,36,9,4.3,Home
0,Real Sociedad,140,2024,23,2024-02-03T20:00:00+00:00,Real Sociedad,0:0,Draw,True,סיום,0,0,0,32-21,2,0,37,10,4.4,Away
0,Real Sociedad,140,2024,24,2024-02-10T15:15:00+00:00,Osasuna,0:1,Loss,False,סיום,0,1,-1,32-22,0,1,37,10,4.3,Home
0,Real Sociedad,140,2024,25,2024-02-18T17:30:00+00:00,Real Sociedad,1:2,Win,False,סיום,2,1,1,34-23,0,2,40,10,4.0,Away
0,Real Sociedad,140,2024,26,2024-02-23T20:00:00+00:00,Villarreal,1:3,Loss,False,סיום,1,3,-2,35-26,0,3,40,10,4.0,Home
0,Real Sociedad,140,2024,27,2024-03-02T13:00:00+00:00,Real Sociedad,3:2,Loss,False,סיום,2,3,-1,37-29,0,4,40,10,3.8,Away
0,Real Sociedad,140,2024,28,2024-03-09T17:30:00+00:00,Real Sociedad,2:3,Win,False,סיום,3,2,1,40-31,0,5,43,10,3.7,Away
0,Real Sociedad,140,2024,29,2024-03-15T20:00:00+00:00,Cadiz,2:0,Win,False,סיום,2,0,2,42-31,0,6,46,10,3.6,Home
0,Real Sociedad,140,2024,30,2024-03-31T16:30:00+00:00,Real Sociedad,0:1,Win,False,סיום,1,0,1,43-31,0,7,49,10,3.4,Away
0,Real Sociedad,140,2024,31,2024-04-14T19:00:00+00:00,Almeria,2:2,Draw,True,סיום,2,2,0,45-33,1,0,50,11,3.6,Home
0,Real Sociedad,140,2024,32,2024-04-21T12:00:00+00:00,Real Sociedad,1:1,Draw,True,סיום,1,1,0,46-34,2,0,51,12,3.8,Away
0,Real Sociedad,140,2024,33,2024-04-26T19:00:00+00:00,Real Madrid,0:1,Loss,False,סיום,0,1,-1,46-35,0,1,51,12,3.7,Home
0,Real Sociedad,140,2024,34,2024-05-04T12:00:00+00:00,Las Palmas,2:0,Win,False,סיום,2,0,2,48-35,0,2,54,12,3.6,Home
0,Real Sociedad,140,2024,35,2024-05-13T19:00:00+00:00,Real Sociedad,2:0,Loss,False,סיום,0,2,-2,48-37,0,3,54,12,3.4,Away
0,Real Sociedad,140,2024,36,2024-05-16T20:00:00+00:00,Valencia,1:0,Win,False,סיום,1,0,1,49-37,0,4,57,12,3.3,Home
0,Real Sociedad,140,2024,37,2024-05-19T17:00:00+00:00,Real Sociedad,0:2,Win,False,סיום,2,0,2,51-37,0,5,60,12,3.3,Away
0,Real Sociedad,140,2024,38,2024-05-25T14:15:00+00:00,Atletico Madrid,0:2,Loss,False,סיום,0,2,-2,51-39,0,6,60,12,3.2,Home
