season,date,home,away,home_goals,away_goals,is_draw
2018,2018-08-10T19:00:00+00:00,Manchester United,Leicester,2,1,False
2018,2018-08-11T11:30:00+00:00,Newcastle,Tottenham,1,2,False
2018,2018-08-11T14:00:00+00:00,Bournemouth,Cardiff,2,0,False
2018,2018-08-11T14:00:00+00:00,Fulham,Crystal Palace,0,2,False
2018,2018-08-11T14:00:00+00:00,Huddersfield,Chelsea,0,3,False
2018,2018-08-11T14:00:00+00:00,Watford,Brighton,2,0,False
2018,2018-08-11T16:30:00+00:00,Wolves,Everton,2,2,True
2018,2018-08-12T12:30:00+00:00,Liverpool,West Ham,4,0,False
2018,2018-08-12T12:30:00+00:00,Southampton,Burnley,0,0,True
2018,2018-08-12T15:00:00+00:00,Arsenal,Manchester City,0,2,False
2018,2018-08-18T11:30:00+00:00,Cardiff,Newcastle,0,0,True
2018,2018-08-18T14:00:00+00:00,Everton,Southampton,2,1,False
2018,2018-08-18T14:00:00+00:00,Leicester,Wolves,2,0,False
2018,2018-08-18T14:00:00+00:00,Tottenham,Fulham,3,1,False
2018,2018-08-18T14:00:00+00:00,West Ham,Bournemouth,1,2,False
2018,2018-08-18T16:30:00+00:00,Chelsea,Arsenal,3,2,False
2018,2018-08-19T12:30:00+00:00,Burnley,Watford,1,3,False
2018,2018-08-19T12:30:00+00:00,Manchester City,Huddersfield,6,1,False
2018,2018-08-19T15:00:00+00:00,Brighton,Manchester United,3,2,False
2018,2018-08-20T19:00:00+00:00,Crystal Palace,Liverpool,0,2,False
2018,2018-08-25T11:30:00+00:00,Wolves,Manchester City,1,1,True
2018,2018-08-25T14:00:00+00:00,Bournemouth,Everton,2,2,True
2018,2018-08-25T14:00:00+00:00,Huddersfield,Cardiff,0,0,True
2018,2018-08-25T14:00:00+00:00,Southampton,Leicester,1,2,False
2018,2018-08-25T14:00:00+00:00,Arsenal,West Ham,3,1,False
2018,2018-08-25T16:30:00+00:00,Liverpool,Brighton,1,0,False
2018,2018-08-26T12:30:00+00:00,Watford,Crystal Palace,2,1,False
2018,2018-08-26T15:00:00+00:00,Newcastle,Chelsea,1,2,False
2018,2018-08-26T15:00:00+00:00,Fulham,Burnley,4,2,False
2018,2018-08-27T19:00:00+00:00,Manchester United,Tottenham,0,3,False
2018,2018-09-01T11:30:00+00:00,Leicester,Liverpool,1,2,False
2018,2018-09-01T14:00:00+00:00,Everton,Huddersfield,1,1,True
2018,2018-09-01T14:00:00+00:00,West Ham,Wolves,0,1,False
2018,2018-09-01T14:00:00+00:00,Chelsea,Bournemouth,2,0,False
2018,2018-09-01T14:00:00+00:00,Brighton,Fulham,2,2,True
2018,2018-09-01T14:00:00+00:00,Crystal Palace,Southampton,0,2,False
2018,2018-09-01T16:30:00+00:00,Manchester City,Newcastle,2,1,False
2018,2018-09-02T12:30:00+00:00,Cardiff,Arsenal,2,3,False
2018,2018-09-02T15:00:00+00:00,Watford,Tottenham,2,1,False
2018,2018-09-02T15:00:00+00:00,Burnley,Manchester United,0,2,False
2018,2018-09-15T11:30:00+00:00,Tottenham,Liverpool,1,2,False
2018,2018-09-15T14:00:00+00:00,Newcastle,Arsenal,1,2,False
2018,2018-09-15T14:00:00+00:00,Bournemouth,Leicester,4,2,False
2018,2018-09-15T14:00:00+00:00,Huddersfield,Crystal Palace,0,1,False
2018,2018-09-15T14:00:00+00:00,Chelsea,Cardiff,4,1,False
2018,2018-09-15T14:00:00+00:00,Manchester City,Fulham,3,0,False
2018,2018-09-15T16:30:00+00:00,Watford,Manchester United,1,2,False
2018,2018-09-16T12:30:00+00:00,Wolves,Burnley,1,0,False
2018,2018-09-16T15:00:00+00:00,Everton,West Ham,1,3,False
2018,2018-09-17T19:00:00+00:00,Southampton,Brighton,2,2,True
2018,2018-09-22T11:30:00+00:00,Fulham,Watford,1,1,True
2018,2018-09-22T14:00:00+00:00,Manchester United,Wolves,1,1,True
2018,2018-09-22T14:00:00+00:00,Liverpool,Southampton,3,0,False
2018,2018-09-22T14:00:00+00:00,Cardiff,Manchester City,0,5,False
2018,2018-09-22T14:00:00+00:00,Burnley,Bournemouth,4,0,False
2018,2018-09-22T14:00:00+00:00,Leicester,Huddersfield,3,1,False
2018,2018-09-22T14:00:00+00:00,Crystal Palace,Newcastle,0,0,True
2018,2018-09-22T16:30:00+00:00,Brighton,Tottenham,1,2,False
2018,2018-09-23T12:30:00+00:00,West Ham,Chelsea,0,0,True
2018,2018-09-23T15:00:00+00:00,Arsenal,Everton,2,0,False
2018,2018-09-29T11:30:00+00:00,West Ham,Manchester United,3,1,False
2018,2018-09-29T14:00:00+00:00,Newcastle,Leicester,0,2,False
2018,2018-09-29T14:00:00+00:00,Huddersfield,Tottenham,0,2,False
2018,2018-09-29T14:00:00+00:00,Wolves,Southampton,2,0,False
2018,2018-09-29T14:00:00+00:00,Arsenal,Watford,2,0,False
2018,2018-09-29T14:00:00+00:00,Everton,Fulham,3,0,False
2018,2018-09-29T14:00:00+00:00,Manchester City,Brighton,2,0,False
2018,2018-09-29T16:30:00+00:00,Chelsea,Liverpool,1,1,True
2018,2018-09-30T15:00:00+00:00,Cardiff,Burnley,1,2,False
2018,2018-10-01T19:00:00+00:00,Bournemouth,Crystal Palace,2,1,False
2018,2018-10-05T19:00:00+00:00,Brighton,West Ham,1,0,False
2018,2018-10-06T14:00:00+00:00,Watford,Bournemouth,0,4,False
2018,2018-10-06T14:00:00+00:00,Burnley,Huddersfield,1,1,True
2018,2018-10-06T14:00:00+00:00,Leicester,Everton,1,2,False
2018,2018-10-06T14:00:00+00:00,Tottenham,Cardiff,1,0,False
2018,2018-10-06T14:00:00+00:00,Crystal Palace,Wolves,0,1,False
2018,2018-10-06T16:30:00+00:00,Manchester United,Newcastle,3,2,False
2018,2018-10-07T11:00:00+00:00,Fulham,Arsenal,1,5,False
2018,2018-10-07T13:15:00+00:00,Southampton,Chelsea,0,3,False
2018,2018-10-07T15:30:00+00:00,Liverpool,Manchester City,0,0,True
2018,2018-10-20T11:30:00+00:00,Chelsea,Manchester United,2,2,True
2018,2018-10-20T14:00:00+00:00,Newcastle,Brighton,0,1,False
2018,2018-10-20T14:00:00+00:00,Bournemouth,Southampton,0,0,True
2018,2018-10-20T14:00:00+00:00,Wolves,Watford,0,2,False
2018,2018-10-20T14:00:00+00:00,Cardiff,Fulham,4,2,False
2018,2018-10-20T14:00:00+00:00,West Ham,Tottenham,0,1,False
2018,2018-10-20T14:00:00+00:00,Manchester City,Burnley,5,0,False
2018,2018-10-20T16:30:00+00:00,Huddersfield,Liverpool,0,1,False
2018,2018-10-21T15:00:00+00:00,Everton,Crystal Palace,2,0,False
2018,2018-10-22T19:00:00+00:00,Arsenal,Leicester,3,1,False
2018,2018-10-27T14:00:00+00:00,Fulham,Bournemouth,0,3,False
2018,2018-10-27T14:00:00+00:00,Watford,Huddersfield,3,0,False
2018,2018-10-27T14:00:00+00:00,Liverpool,Cardiff,4,1,False
2018,2018-10-27T14:00:00+00:00,Southampton,Newcastle,0,0,True
2018,2018-10-27T14:00:00+00:00,Brighton,Wolves,1,0,False
2018,2018-10-27T16:30:00+00:00,Leicester,West Ham,1,1,True
2018,2018-10-28T13:30:00+00:00,Burnley,Chelsea,0,4,False
2018,2018-10-28T13:30:00+00:00,Crystal Palace,Arsenal,2,2,True
2018,2018-10-28T16:00:00+00:00,Manchester United,Everton,2,1,False
2018,2018-10-29T20:00:00+00:00,Tottenham,Manchester City,0,1,False
2018,2018-11-03T12:30:00+00:00,Bournemouth,Manchester United,1,2,False
2018,2018-11-03T15:00:00+00:00,Newcastle,Watford,1,0,False
2018,2018-11-03T15:00:00+00:00,Cardiff,Leicester,0,1,False
2018,2018-11-03T15:00:00+00:00,Everton,Brighton,3,1,False
2018,2018-11-03T15:00:00+00:00,West Ham,Burnley,4,2,False
2018,2018-11-03T17:30:00+00:00,Arsenal,Liverpool,1,1,True
2018,2018-11-03T19:45:00+00:00,Wolves,Tottenham,2,3,False
2018,2018-11-04T15:00:00+00:00,Manchester City,Southampton,6,1,False
2018,2018-11-04T16:00:00+00:00,Chelsea,Crystal Palace,3,1,False
2018,2018-11-05T20:00:00+00:00,Huddersfield,Fulham,1,0,False
2018,2018-11-10T12:30:00+00:00,Cardiff,Brighton,2,1,False
2018,2018-11-10T15:00:00+00:00,Newcastle,Bournemouth,2,1,False
2018,2018-11-10T15:00:00+00:00,Huddersfield,West Ham,1,1,True
2018,2018-11-10T15:00:00+00:00,Southampton,Watford,1,1,True
2018,2018-11-10T15:00:00+00:00,Leicester,Burnley,0,0,True
2018,2018-11-10T17:30:00+00:00,Crystal Palace,Tottenham,0,1,False
2018,2018-11-11T12:00:00+00:00,Liverpool,Fulham,2,0,False
2018,2018-11-11T14:15:00+00:00,Chelsea,Everton,0,0,True
2018,2018-11-11T16:30:00+00:00,Arsenal,Wolves,1,1,True
2018,2018-11-11T16:30:00+00:00,Manchester City,Manchester United,3,1,False
2018,2018-11-24T15:00:00+00:00,Manchester United,Crystal Palace,0,0,True
2018,2018-11-24T15:00:00+00:00,Fulham,Southampton,3,2,False
2018,2018-11-24T15:00:00+00:00,Watford,Liverpool,0,3,False
2018,2018-11-24T15:00:00+00:00,Everton,Cardiff,1,0,False
2018,2018-11-24T15:00:00+00:00,West Ham,Manchester City,0,4,False
2018,2018-11-24T15:00:00+00:00,Brighton,Leicester,1,1,True
2018,2018-11-24T17:30:00+00:00,Tottenham,Chelsea,3,1,False
2018,2018-11-25T13:30:00+00:00,Bournemouth,Arsenal,1,2,False
2018,2018-11-25T16:00:00+00:00,Wolves,Huddersfield,0,2,False
2018,2018-11-26T20:30:00+00:00,Burnley,Newcastle,1,2,False
2018,2018-11-30T20:00:00+00:00,Cardiff,Wolves,2,1,False
2018,2018-12-01T15:00:00+00:00,Newcastle,West Ham,0,3,False
2018,2018-12-01T15:00:00+00:00,Huddersfield,Brighton,1,2,False
2018,2018-12-01T15:00:00+00:00,Leicester,Watford,2,0,False
2018,2018-12-01T15:00:00+00:00,Manchester City,Bournemouth,3,1,False
2018,2018-12-01T15:00:00+00:00,Crystal Palace,Burnley,2,0,False
2018,2018-12-01T17:30:00+00:00,Southampton,Manchester United,2,2,True
2018,2018-12-02T12:00:00+00:00,Chelsea,Fulham,2,0,False
2018,2018-12-02T14:05:00+00:00,Arsenal,Tottenham,4,2,False
2018,2018-12-02T16:15:00+00:00,Liverpool,Everton,1,0,False
2018,2018-12-04T19:45:00+00:00,Bournemouth,Huddersfield,2,1,False
2018,2018-12-04T19:45:00+00:00,West Ham,Cardiff,3,1,False
2018,2018-12-04T19:45:00+00:00,Brighton,Crystal Palace,3,1,False
2018,2018-12-04T20:00:00+00:00,Watford,Manchester City,1,2,False
2018,2018-12-05T19:45:00+00:00,Fulham,Leicester,1,1,True
2018,2018-12-05T19:45:00+00:00,Wolves,Chelsea,2,1,False
2018,2018-12-05T19:45:00+00:00,Burnley,Liverpool,1,3,False
2018,2018-12-05T19:45:00+00:00,Everton,Newcastle,1,1,True
2018,2018-12-05T20:00:00+00:00,Manchester United,Arsenal,2,2,True
2018,2018-12-05T20:00:00+00:00,Tottenham,Southampton,3,1,False
2018,2018-12-08T12:30:00+00:00,Bournemouth,Liverpool,0,4,False
2018,2018-12-08T15:00:00+00:00,Manchester United,Fulham,4,1,False
2018,2018-12-08T15:00:00+00:00,Arsenal,Huddersfield,1,0,False
2018,2018-12-08T15:00:00+00:00,Cardiff,Southampton,1,0,False
2018,2018-12-08T15:00:00+00:00,Burnley,Brighton,1,0,False
2018,2018-12-08T15:00:00+00:00,West Ham,Crystal Palace,3,2,False
2018,2018-12-08T17:30:00+00:00,Chelsea,Manchester City,2,0,False
2018,2018-12-08T19:45:00+00:00,Leicester,Tottenham,0,2,False
2018,2018-12-09T16:00:00+00:00,Newcastle,Wolves,1,2,False
2018,2018-12-10T20:00:00+00:00,Everton,Watford,2,2,True
2018,2018-12-15T12:30:00+00:00,Manchester City,Everton,3,1,False
2018,2018-12-15T15:00:00+00:00,Huddersfield,Newcastle,0,1,False
2018,2018-12-15T15:00:00+00:00,Watford,Cardiff,3,2,False
2018,2018-12-15T15:00:00+00:00,Wolves,Bournemouth,2,0,False
2018,2018-12-15T15:00:00+00:00,Tottenham,Burnley,1,0,False
2018,2018-12-15T15:00:00+00:00,Crystal Palace,Leicester,1,0,False
2018,2018-12-15T17:30:00+00:00,Fulham,West Ham,0,2,False
2018,2018-12-16T13:30:00+00:00,Southampton,Arsenal,3,2,False
2018,2018-12-16T13:30:00+00:00,Brighton,Chelsea,1,2,False
2018,2018-12-16T16:00:00+00:00,Liverpool,Manchester United,3,1,False
2018,2018-12-21T20:00:00+00:00,Wolves,Liverpool,0,2,False
2018,2018-12-22T12:30:00+00:00,Arsenal,Burnley,3,1,False
2018,2018-12-22T15:00:00+00:00,Newcastle,Fulham,0,0,True
2018,2018-12-22T15:00:00+00:00,Bournemouth,Brighton,2,0,False
2018,2018-12-22T15:00:00+00:00,Huddersfield,Southampton,1,3,False
2018,2018-12-22T15:00:00+00:00,West Ham,Watford,0,2,False
2018,2018-12-22T15:00:00+00:00,Chelsea,Leicester,0,1,False
2018,2018-12-22T15:00:00+00:00,Manchester City,Crystal Palace,2,3,False
2018,2018-12-22T17:30:00+00:00,Cardiff,Manchester United,1,5,False
2018,2018-12-23T16:00:00+00:00,Everton,Tottenham,2,6,False
2018,2018-12-26T12:30:00+00:00,Fulham,Wolves,1,1,True
2018,2018-12-26T15:00:00+00:00,Manchester United,Huddersfield,3,1,False
2018,2018-12-26T15:00:00+00:00,Liverpool,Newcastle,4,0,False
2018,2018-12-26T15:00:00+00:00,Burnley,Everton,1,5,False
2018,2018-12-26T15:00:00+00:00,Leicester,Manchester City,2,1,False
2018,2018-12-26T15:00:00+00:00,Tottenham,Bournemouth,5,0,False
2018,2018-12-26T15:00:00+00:00,Crystal Palace,Cardiff,0,0,True
2018,2018-12-26T17:15:00+00:00,Brighton,Arsenal,1,1,True
2018,2018-12-26T19:30:00+00:00,Watford,Chelsea,1,2,False
2018,2018-12-27T19:45:00+00:00,Southampton,West Ham,1,2,False
2018,2018-12-29T15:00:00+00:00,Fulham,Huddersfield,1,0,False
2018,2018-12-29T15:00:00+00:00,Watford,Newcastle,1,1,True
2018,2018-12-29T15:00:00+00:00,Leicester,Cardiff,0,1,False
2018,2018-12-29T15:00:00+00:00,Tottenham,Wolves,1,3,False
2018,2018-12-29T15:00:00+00:00,Brighton,Everton,1,0,False
2018,2018-12-29T17:30:00+00:00,Liverpool,Arsenal,5,1,False
2018,2018-12-30T12:00:00+00:00,Crystal Palace,Chelsea,0,1,False
2018,2018-12-30T14:15:00+00:00,Southampton,Manchester City,1,3,False
2018,2018-12-30T14:15:00+00:00,Burnley,West Ham,2,0,False
2018,2018-12-30T16:30:00+00:00,Manchester United,Bournemouth,4,1,False
2018,2019-01-01T12:30:00+00:00,Everton,Leicester,0,1,False
2018,2019-01-01T15:00:00+00:00,Arsenal,Fulham,4,1,False
2018,2019-01-01T17:30:00+00:00,Cardiff,Tottenham,0,3,False
2018,2019-01-02T19:45:00+00:00,Huddersfield,Burnley,1,2,False
2018,2019-01-02T19:45:00+00:00,Wolves,Crystal Palace,0,2,False
2018,2019-01-02T19:45:00+00:00,West Ham,Brighton,2,2,True
2018,2019-01-02T19:45:00+00:00,Chelsea,Southampton,0,0,True
2018,2019-01-02T20:00:00+00:00,Newcastle,Manchester United,0,2,False
2018,2019-01-02T20:00:00+00:00,Bournemouth,Watford,3,3,True
2018,2019-01-03T20:00:00+00:00,Manchester City,Liverpool,2,1,False
2018,2019-01-12T12:30:00+00:00,West Ham,Arsenal,1,0,False
2018,2019-01-12T15:00:00+00:00,Cardiff,Huddersfield,0,0,True
2018,2019-01-12T15:00:00+00:00,Burnley,Fulham,2,1,False
2018,2019-01-12T15:00:00+00:00,Leicester,Southampton,1,2,False
2018,2019-01-12T15:00:00+00:00,Brighton,Liverpool,0,1,False
2018,2019-01-12T15:00:00+00:00,Crystal Palace,Watford,1,2,False
2018,2019-01-12T17:30:00+00:00,Chelsea,Newcastle,2,1,False
2018,2019-01-13T14:15:00+00:00,Everton,Bournemouth,2,0,False
2018,2019-01-13T16:30:00+00:00,Tottenham,Manchester United,0,1,False
2018,2019-01-14T20:00:00+00:00,Manchester City,Wolves,3,0,False
2018,2019-01-19T12:30:00+00:00,Wolves,Leicester,4,3,False
2018,2019-01-19T15:00:00+00:00,Manchester United,Brighton,2,1,False
2018,2019-01-19T15:00:00+00:00,Newcastle,Cardiff,3,0,False
2018,2019-01-19T15:00:00+00:00,Bournemouth,West Ham,2,0,False
2018,2019-01-19T15:00:00+00:00,Watford,Burnley,0,0,True
2018,2019-01-19T15:00:00+00:00,Liverpool,Crystal Palace,4,3,False
2018,2019-01-19T15:00:00+00:00,Southampton,Everton,2,1,False
2018,2019-01-19T17:30:00+00:00,Arsenal,Chelsea,2,0,False
2018,2019-01-20T13:30:00+00:00,Huddersfield,Manchester City,0,3,False
2018,2019-01-20T16:00:00+00:00,Fulham,Tottenham,1,2,False
2018,2019-01-29T19:45:00+00:00,Fulham,Brighton,4,2,False
2018,2019-01-29T19:45:00+00:00,Huddersfield,Everton,0,1,False
2018,2019-01-29T19:45:00+00:00,Wolves,West Ham,3,0,False
2018,2019-01-29T19:45:00+00:00,Arsenal,Cardiff,2,1,False
2018,2019-01-29T20:00:00+00:00,Manchester United,Burnley,2,2,True
2018,2019-01-29T20:00:00+00:00,Newcastle,Manchester City,2,1,False
2018,2019-01-30T19:45:00+00:00,Bournemouth,Chelsea,4,0,False
2018,2019-01-30T19:45:00+00:00,Southampton,Crystal Palace,1,1,True
2018,2019-01-30T20:00:00+00:00,Liverpool,Leicester,1,1,True
2018,2019-01-30T20:00:00+00:00,Tottenham,Watford,2,1,False
2018,2019-02-02T12:30:00+00:00,Tottenham,Newcastle,1,0,False
2018,2019-02-02T15:00:00+00:00,Burnley,Southampton,1,1,True
2018,2019-02-02T15:00:00+00:00,Everton,Wolves,1,3,False
2018,2019-02-02T15:00:00+00:00,Chelsea,Huddersfield,5,0,False
2018,2019-02-02T15:00:00+00:00,Brighton,Watford,0,0,True
2018,2019-02-02T15:00:00+00:00,Crystal Palace,Fulham,2,0,False
2018,2019-02-02T17:30:00+00:00,Cardiff,Bournemouth,2,0,False
2018,2019-02-03T14:05:00+00:00,Leicester,Manchester United,0,1,False
2018,2019-02-03T16:30:00+00:00,Manchester City,Arsenal,3,1,False
2018,2019-02-04T20:00:00+00:00,West Ham,Liverpool,1,1,True
2018,2019-02-06T19:45:00+00:00,Everton,Manchester City,0,2,False
2018,2019-02-09T12:30:00+00:00,Fulham,Manchester United,0,3,False
2018,2019-02-09T15:00:00+00:00,Huddersfield,Arsenal,1,2,False
2018,2019-02-09T15:00:00+00:00,Watford,Everton,1,0,False
2018,2019-02-09T15:00:00+00:00,Liverpool,Bournemouth,3,0,False
2018,2019-02-09T15:00:00+00:00,Southampton,Cardiff,1,2,False
2018,2019-02-09T15:00:00+00:00,Crystal Palace,West Ham,1,1,True
2018,2019-02-09T17:30:00+00:00,Brighton,Burnley,1,3,False
2018,2019-02-10T13:30:00+00:00,Tottenham,Leicester,3,1,False
2018,2019-02-10T16:00:00+00:00,Manchester City,Chelsea,6,0,False
2018,2019-02-11T20:00:00+00:00,Wolves,Newcastle,1,1,True
2018,2019-02-22T19:45:00+00:00,Cardiff,Watford,1,5,False
2018,2019-02-22T19:45:00+00:00,West Ham,Fulham,3,1,False
2018,2019-02-23T12:30:00+00:00,Burnley,Tottenham,2,1,False
2018,2019-02-23T15:00:00+00:00,Newcastle,Huddersfield,2,0,False
2018,2019-02-23T15:00:00+00:00,Bournemouth,Wolves,1,1,True
2018,2019-02-23T17:30:00+00:00,Leicester,Crystal Palace,1,4,False
2018,2019-02-24T14:05:00+00:00,Manchester United,Liverpool,0,0,True
2018,2019-02-24T14:05:00+00:00,Arsenal,Southampton,2,0,False
2018,2019-02-26T19:45:00+00:00,Huddersfield,Wolves,1,0,False
2018,2019-02-26T19:45:00+00:00,Cardiff,Everton,0,3,False
2018,2019-02-26T19:45:00+00:00,Leicester,Brighton,2,1,False
2018,2019-02-26T20:00:00+00:00,Newcastle,Burnley,2,0,False
2018,2019-02-27T19:45:00+00:00,Southampton,Fulham,2,0,False
2018,2019-02-27T19:45:00+00:00,Arsenal,Bournemouth,5,1,False
2018,2019-02-27T20:00:00+00:00,Liverpool,Watford,5,0,False
2018,2019-02-27T20:00:00+00:00,Chelsea,Tottenham,2,0,False
2018,2019-02-27T20:00:00+00:00,Manchester City,West Ham,1,0,False
2018,2019-02-27T20:00:00+00:00,Crystal Palace,Manchester United,1,3,False
2018,2019-03-02T12:30:00+00:00,Tottenham,Arsenal,1,1,True
2018,2019-03-02T15:00:00+00:00,Manchester United,Southampton,3,2,False
2018,2019-03-02T15:00:00+00:00,Bournemouth,Manchester City,0,1,False
2018,2019-03-02T15:00:00+00:00,Wolves,Cardiff,2,0,False
2018,2019-03-02T15:00:00+00:00,Burnley,Crystal Palace,1,3,False
2018,2019-03-02T15:00:00+00:00,Brighton,Huddersfield,1,0,False
2018,2019-03-02T17:30:00+00:00,West Ham,Newcastle,2,0,False
2018,2019-03-03T12:00:00+00:00,Watford,Leicester,2,1,False
2018,2019-03-03T14:05:00+00:00,Fulham,Chelsea,1,2,False
2018,2019-03-03T16:15:00+00:00,Everton,Liverpool,0,0,True
2018,2019-03-09T12:30:00+00:00,Crystal Palace,Brighton,1,2,False
2018,2019-03-09T15:00:00+00:00,Newcastle,Everton,3,2,False
2018,2019-03-09T15:00:00+00:00,Huddersfield,Bournemouth,0,2,False
2018,2019-03-09T15:00:00+00:00,Southampton,Tottenham,2,1,False
2018,2019-03-09T15:00:00+00:00,Cardiff,West Ham,2,0,False
2018,2019-03-09T15:00:00+00:00,Leicester,Fulham,3,1,False
2018,2019-03-09T17:30:00+00:00,Manchester City,Watford,3,1,False
2018,2019-03-10T12:00:00+00:00,Liverpool,Burnley,4,2,False
2018,2019-03-10T14:05:00+00:00,Chelsea,Wolves,1,1,True
2018,2019-03-10T16:30:00+00:00,Arsenal,Manchester United,2,0,False
2018,2019-03-16T15:00:00+00:00,Bournemouth,Newcastle,2,2,True
2018,2019-03-16T15:00:00+00:00,Burnley,Leicester,1,2,False
2018,2019-03-16T15:00:00+00:00,West Ham,Huddersfield,4,3,False
2018,2019-03-17T14:15:00+00:00,Fulham,Liverpool,1,2,False
2018,2019-03-17T16:30:00+00:00,Everton,Chelsea,2,0,False
2018,2019-03-30T12:30:00+00:00,Fulham,Manchester City,0,2,False
2018,2019-03-30T15:00:00+00:00,Manchester United,Watford,2,1,False
2018,2019-03-30T15:00:00+00:00,Burnley,Wolves,2,0,False
2018,2019-03-30T15:00:00+00:00,Leicester,Bournemouth,2,0,False
2018,2019-03-30T15:00:00+00:00,Brighton,Southampton,0,1,False
2018,2019-03-30T15:00:00+00:00,Crystal Palace,Huddersfield,2,0,False
2018,2019-03-30T17:30:00+00:00,West Ham,Everton,0,2,False
2018,2019-03-31T13:05:00+00:00,Cardiff,Chelsea,1,2,False
2018,2019-03-31T15:30:00+00:00,Liverpool,Tottenham,2,1,False
2018,2019-04-01T19:00:00+00:00,Arsenal,Newcastle,2,0,False
2018,2019-04-02T18:45:00+00:00,Watford,Fulham,4,1,False
2018,2019-04-02T18:45:00+00:00,Wolves,Manchester United,2,1,False
2018,2019-04-03T18:45:00+00:00,Tottenham,Crystal Palace,2,0,False
2018,2019-04-03T18:45:00+00:00,Chelsea,Brighton,3,0,False
2018,2019-04-03T18:45:00+00:00,Manchester City,Cardiff,2,0,False
2018,2019-04-05T19:00:00+00:00,Southampton,Liverpool,1,3,False
2018,2019-04-06T14:00:00+00:00,Newcastle,Crystal Palace,0,1,False
2018,2019-04-06T14:00:00+00:00,Bournemouth,Burnley,1,3,False
2018,2019-04-06T14:00:00+00:00,Huddersfield,Leicester,1,4,False
2018,2019-04-07T13:05:00+00:00,Everton,Arsenal,1,0,False
2018,2019-04-08T19:00:00+00:00,Chelsea,West Ham,2,0,False
2018,2019-04-12T19:00:00+00:00,Leicester,Newcastle,0,1,False
2018,2019-04-13T11:30:00+00:00,Tottenham,Huddersfield,4,0,False
2018,2019-04-13T14:00:00+00:00,Fulham,Everton,2,0,False
2018,2019-04-13T14:00:00+00:00,Southampton,Wolves,3,1,False
2018,2019-04-13T14:00:00+00:00,Burnley,Cardiff,2,0,False
2018,2019-04-13T14:00:00+00:00,Brighton,Bournemouth,0,5,False
2018,2019-04-13T16:30:00+00:00,Manchester United,West Ham,2,1,False
2018,2019-04-14T13:05:00+00:00,Crystal Palace,Manchester City,1,3,False
2018,2019-04-14T15:30:00+00:00,Liverpool,Chelsea,2,0,False
2018,2019-04-15T19:00:00+00:00,Watford,Arsenal,0,1,False
2018,2019-04-16T18:45:00+00:00,Brighton,Cardiff,0,2,False
2018,2019-04-20T11:30:00+00:00,Manchester City,Tottenham,1,0,False
2018,2019-04-20T14:00:00+00:00,Bournemouth,Fulham,0,1,False
2018,2019-04-20T14:00:00+00:00,Huddersfield,Watford,1,2,False
2018,2019-04-20T14:00:00+00:00,Wolves,Brighton,0,0,True
2018,2019-04-20T14:00:00+00:00,West Ham,Leicester,2,2,True
2018,2019-04-20T16:30:00+00:00,Newcastle,Southampton,3,1,False
2018,2019-04-21T12:30:00+00:00,Everton,Manchester United,4,0,False
2018,2019-04-21T15:00:00+00:00,Arsenal,Crystal Palace,2,3,False
2018,2019-04-21T15:00:00+00:00,Cardiff,Liverpool,0,2,False
2018,2019-04-22T19:00:00+00:00,Chelsea,Burnley,2,2,True
2018,2019-04-23T18:45:00+00:00,Watford,Southampton,1,1,True
2018,2019-04-23T18:45:00+00:00,Tottenham,Brighton,1,0,False
2018,2019-04-24T18:45:00+00:00,Wolves,Arsenal,3,1,False
2018,2019-04-24T19:00:00+00:00,Manchester United,Manchester City,0,2,False
2018,2019-04-26T19:00:00+00:00,Liverpool,Huddersfield,5,0,False
2018,2019-04-27T11:30:00+00:00,Tottenham,West Ham,0,1,False
2018,2019-04-27T14:00:00+00:00,Fulham,Cardiff,1,0,False
2018,2019-04-27T14:00:00+00:00,Watford,Wolves,1,2,False
2018,2019-04-27T14:00:00+00:00,Southampton,Bournemouth,3,3,True
2018,2019-04-27T14:00:00+00:00,Crystal Palace,Everton,0,0,True
2018,2019-04-27T16:30:00+00:00,Brighton,Newcastle,1,1,True
2018,2019-04-28T11:00:00+00:00,Leicester,Arsenal,3,0,False
2018,2019-04-28T13:05:00+00:00,Burnley,Manchester City,0,1,False
2018,2019-04-28T15:30:00+00:00,Manchester United,Chelsea,1,1,True
2018,2019-05-03T19:00:00+00:00,Everton,Burnley,2,0,False
2018,2019-05-04T11:30:00+00:00,Bournemouth,Tottenham,1,0,False
2018,2019-05-04T14:00:00+00:00,Wolves,Fulham,1,0,False
2018,2019-05-04T14:00:00+00:00,West Ham,Southampton,3,0,False
2018,2019-05-04T16:30:00+00:00,Cardiff,Crystal Palace,2,3,False
2018,2019-05-04T18:45:00+00:00,Newcastle,Liverpool,2,3,False
2018,2019-05-05T13:00:00+00:00,Huddersfield,Manchester United,1,1,True
2018,2019-05-05T13:00:00+00:00,Chelsea,Watford,3,0,False
2018,2019-05-05T15:30:00+00:00,Arsenal,Brighton,1,1,True
2018,2019-05-06T19:00:00+00:00,Manchester City,Leicester,1,0,False
2018,2019-05-12T14:00:00+00:00,Manchester United,Cardiff,0,2,False
2018,2019-05-12T14:00:00+00:00,Fulham,Newcastle,0,4,False
2018,2019-05-12T14:00:00+00:00,Watford,West Ham,1,4,False
2018,2019-05-12T14:00:00+00:00,Liverpool,Wolves,2,0,False
2018,2019-05-12T14:00:00+00:00,Southampton,Huddersfield,1,1,True
2018,2019-05-12T14:00:00+00:00,Burnley,Arsenal,1,3,False
2018,2019-05-12T14:00:00+00:00,Leicester,Chelsea,0,0,True
2018,2019-05-12T14:00:00+00:00,Tottenham,Everton,2,2,True
2018,2019-05-12T14:00:00+00:00,Brighton,Manchester City,1,4,False
2018,2019-05-12T14:00:00+00:00,Crystal Palace,Bournemouth,5,3,False
